Marka	Grad	Cena	Godina proizvodnje	Karoserija	Gorivo	Zapremina motora	Kilometraza	Konjske snage	Menjac
Opel	Kraljevo	1650	2002	Limuzina	Benzin + Gas (TNG)	1389	251125	90	Manuelni
Opel	Niš	2699	2006	Karavan	Dizel	1910	240057	120	Manuelni
BMW	Novi Sad	1000	2000	Limuzina	Dizel	1951	350000	136	Manuelni
Toyota	Beograd	2999	2005	Limuzina	Benzin	1794	180000	129	Manuelni
Opel	Valjevo	1250	2001	Karavan	Dizel	1686	204000	75	Manuelni
Renault	Beograd	900000	2005	Hečbek	Dizel	1461	179500	57	Manuelni
Mercedes Benz	Beograd	3499	2007	Hečbek	Dizel	1991	170000	109	Manuelni
Citroen	Beograd	1250	2003	Monovolumen (MiniVan)	Dizel	1997	228000	90	Manuelni
Opel	Požarevac	3490	2010	Hečbek	Benzin	1229	240000	80	Manuelni
Fiat	Ub	1400	2002	Hečbek	Benzin	1242	326351	54	Manuelni
Volkswagen	Novi Beograd	4850	2007	Karavan	Dizel	1968	365000	170	Automatski
Mitsubishi	Kraljevo	7399	2011	Džip/SUV	Dizel	1789	176000	150	Manuelni
Peugeot	Mionica (Varošica)	2950	2007	Hečbek	Dizel	1560	273320	90	Manuelni
Volkswagen	Batajnica	8200	2013	Karavan	Dizel	1598	286000	105	Manuelni
Fiat	Gornji Milanovac	4200	2011	Hečbek	Benzin	1368	156826	105	Manuelni
Volkswagen	Čurug	5700	2012	Hečbek	Benzin	1198	178762	60	Manuelni
Chevrolet	Lazarevac	1000	2005	Limuzina	Benzin	1399	150000	83	Manuelni
Mercedes Benz	Kaluđerica	14800	2015	Limuzina	Dizel	1598	212000	116	Manuelni
Renault	Stara Pazova	530000	1997	Hečbek	Benzin	1200	340000	54	Manuelni
Opel	Užice	2000	2005	Hečbek	Dizel	1910	296000	120	Manuelni
Renault	Trstenik	1100	2002	Karavan	Dizel	1870	254000	101	Manuelni
Volkswagen	Aranđelovac	3350	2007	Hečbek	Dizel	1896	320000	105	Manuelni
Renault	Subotica	800000	2002	Hečbek	Dizel	1500	309000	65	Manuelni
Škoda	Smederevo	2500	2007	Karavan	Benzin	1390	175000	101	Manuelni
Citroen	Niš	2800	2008	Hečbek	Benzin	1360	214000	73	Manuelni
Škoda	Niš	1999	2004	Hečbek	Benzin + Gas (TNG)	1390	267000	101	Manuelni
BMW	Lazarevac	11700	2013	Limuzina	Dizel	1997	242233	184	Automatski
Opel	Čačak	350000	1993	Karavan	Benzin	1595	300000	75	Manuelni
MINI	Banjica	13100	2012	Džip/SUV	Dizel	1950	185000	143	Automatski
Renault	Šabac	10650	2020	Hečbek	Benzin	999	156000	101	Manuelni
Škoda	Smederevo	380000	1999	Karavan	Dizel	1896	222222	64	Manuelni
Nissan	Aranđelovac	1680	2003	Limuzina	Benzin	1240	190420	80	Manuelni
BMW	Čačak	6800	2008	Džip/SUV	Dizel	1995	230000	177	Automatski
Citroen	Sirig	4250	2008	Monovolumen (MiniVan)	Dizel	1560	218000	90	Manuelni
Škoda	Loznica	3990	2008	Hečbek	Benzin	1390	265000	86	Manuelni
Renault	Uzići	1250	2003	Limuzina	Dizel	1500	300000	90	Manuelni
Volkswagen	Kragujevac	1950	2002	Hečbek	Benzin	1198	183000	54	Manuelni
Mercedes Benz	Varvarin	5650	2009	Kupe	Benzin	1796	206500	143	Manuelni
Citroen	Zrenjanin	950000	2002	Limuzina	Dizel	1980	207000	109	Manuelni
Opel	Jagodina	3950	2004	Džip/SUV	Dizel	2171	320416	120	Manuelni
Citroen	Inđija	6250	2012	Limuzina	Dizel	1560	185350	114	Manuelni
BMW	Niš	3599	2001	Limuzina	Benzin	2171	251076	170	Automatski
Audi	Šabac	4300	2005	Limuzina	Dizel	1968	240658	140	Manuelni
Volkswagen	Aleksinac	6700	2011	Hečbek	Benzin	1197	157000	105	Manuelni
Fiat	Futog	700000	2002	Karavan	Benzin	1248	248000	60	Manuelni
Peugeot	Šabac	11590	2017	Džip/SUV	Dizel	1560	148000	99	Manuelni
Audi	Stari Grad	37499	2020	Limuzina	Hibridni pogon (Dizel)	1968	110438	204	Automatski
Fiat	Čačak	6800	2014	Limuzina	Dizel	1300	127600	90	Manuelni
Kia	Beograd	19700	2018	Džip/SUV	Dizel	1685	111000	116	Manuelni
Peugeot	Novi Pazar	3199	2010	Hečbek	Benzin	1124	90000	60	Manuelni
Mercedes Benz	Beograd	14100	2012	Limuzina	Dizel	2143	125000	136	Automatski
Mazda	Zvezdara	2750	2009	Hečbek	Benzin	1349	220000	86	Manuelni
Peugeot	Pančevo	5100	2012	Monovolumen (MiniVan)	Dizel	1560	198000	111	Automatski
Fiat	Beograd	1500	2006	Hečbek	Benzin	1242	156527	60	Manuelni
Fiat	Jagodina	1050	2002	Hečbek	Benzin + Gas (TNG)	1596	203638	103	Manuelni
Opel	Kovin	5299	2014	Monovolumen (MiniVan)	Benzin + Metan (CNG)	1590	178000	150	Manuelni
Renault	Petrovaradin	6590	2014	Hečbek	Dizel	1461	177536	110	Manuelni
Opel	Bor	700000	1998	Hečbek	Benzin	1998	200000	136	Manuelni
Peugeot	Novi Sad	650000	2004	Karavan	Dizel	1560	380000	109	Manuelni
Citroen	Železnik	950000	2001	Monovolumen (MiniVan)	Dizel	1997	376000	90	Manuelni
Opel	Novi Sad	2650	2005	Karavan	Dizel	1686	190000	101	Manuelni
BMW	Subotica	25500	2017	Limuzina	Dizel	1995	102000	190	Automatski
Volkswagen	Beograd	36400	2021	Hečbek	Dizel	1968	38500	200	Automatski
Audi	Čačak	2100	2002	Limuzina	Benzin	1781	245000	150	Manuelni
Volkswagen	Čačak	2599	2006	Hečbek	Benzin	1390	183342	75	Manuelni
BMW	Leskovac	5600	2010	Limuzina	Benzin	1995	240563	143	Manuelni
Peugeot	Čačak	5000	2012	Hečbek	Benzin	1199	175000	82	Manuelni
BMW	Beograd	2600	2006	Limuzina	Dizel	1995	271979	122	Manuelni
Renault	Valjevo	1890	2005	Monovolumen (MiniVan)	Benzin	1149	220300	75	Manuelni
Fiat	Zrenjanin	2500	2004	Limuzina	Benzin	1242	113132	80	Manuelni
Renault	Novi Sad	1950	2004	Limuzina	Benzin	1390	202446	98	Manuelni
BMW	Novi Sad	4800	2007	Karavan	Dizel	1995	180000	163	Manuelni
Renault	Beograd	1350	2006	Karavan	Dizel	1870	190000	131	Manuelni
Ford	Niš	6900	2009	Džip/SUV	Dizel	1997	293000	136	Manuelni
Mercedes Benz	Kovin	500000	1998	Limuzina	Benzin	1799	245987	122	Manuelni
Toyota	Topola	950000	1930	Karavan	Benzin	1800	210500	83	Manuelni
Renault	Subotica	10500	2017	Monovolumen (MiniVan)	Dizel	1461	189000	110	Automatski
Volkswagen	Užice	13600	2015	Karavan	Dizel	1968	271000	190	Automatski
Renault	Beograd	16299	2021	Džip/SUV	Benzin	999	66582	91	Manuelni
Mercedes Benz	Niška Banja	7200	2008	Limuzina	Dizel	2148	330000	170	Manuelni
Renault	Zlatibor	5100	2011	Hečbek	Dizel	1461	193560	110	Manuelni
Renault	Novi Sad	1350	2006	Monovolumen (MiniVan)	Dizel	1461	243997	106	Manuelni
Audi	Bajina Bašta	4500	2006	Hečbek	Dizel	1896	236785	105	Manuelni
Volkswagen	Kragujevac	3000	2006	Hečbek	Benzin	1598	193289	116	Manuelni
Volkswagen	Vrnjačka Banja	1700	2003	Hečbek	Benzin	1198	180000	54	Manuelni
Dacia	Zrenjanin	8100	2018	Limuzina	Benzin	999	4435	73	Manuelni
Fiat	Stara Pazova	1390	2003	Hečbek	Benzin	1242	197308	60	Manuelni
Fiat	Sokobanja	4000	2010	Hečbek	Benzin	1368	201000	120	Manuelni
Škoda	Beška	1600	2003	Karavan	Dizel	1422	218365	75	Manuelni
Citroen	Gornji Milanovac	6000	2011	Limuzina	Dizel	1997	240438	140	Manuelni
Škoda	Zemun	6450	2009	Limuzina	Dizel	1598	210534	105	Manuelni
Opel	Boljevac	2999	2006	Hečbek	Dizel	1248	180000	90	Manuelni
Peugeot	Požarevac	4400	2012	Hečbek	Benzin	1397	102000	95	Manuelni
Volkswagen	Valjevo	1399	2001	Karavan	Dizel	1896	341000	68	Manuelni
Fiat	Bor	2800	2010	Hečbek	Benzin	1242	69000	60	Manuelni
BMW	Beograd	17300	2019	Džip/SUV	Dizel	1995	140268	150	Automatski
Opel	Pančevo	5000	2011	Karavan	Dizel	1686	296000	110	Manuelni
Volkswagen	Novi Beograd	5900	2009	Hečbek	Dizel	1598	280000	105	Manuelni
Volkswagen	Šabac	6500	2011	Hečbek	Dizel	1598	191000	90	Automatski
Ford	Kragujevac	2950	2008	Hečbek	Benzin	1388	103000	80	Manuelni
Opel	Vršac	10950	2016	Limuzina	Benzin	1364	63800	140	Manuelni
Ford	Novi Sad	1950	2004	Hečbek	Dizel	1753	345228	90	Manuelni
Zastava	Nova Pazova	1800	1976	Hečbek	Benzin	750	123456	33	Manuelni
Audi	Kragujevac	4300	2005	Karavan	Dizel	1968	277000	140	Manuelni
Citroen	Kragujevac	2500	2004	Hečbek	Dizel	1398	154529	90	Manuelni
Audi	Stari Grad	37499	2020	Limuzina	Hibridni pogon (Dizel)	1968	110438	204	Automatski
Volkswagen	Sombor	6100	2011	Hečbek	Dizel	1598	168825	90	Manuelni
Audi	Beograd	4100	2007	Hečbek	Dizel	1968	190100	140	Manuelni
Hyundai	Kraljevo	8500	2010	Džip/SUV	Dizel	1995	205648	136	Manuelni
Audi	Futog	7990	2010	Karavan	Dizel	1968	198108	170	Automatski
Toyota	Beograd	5999	2011	Hečbek	Dizel	1364	196000	90	Manuelni
Opel	Niš	5190	2011	Karavan	Dizel	1686	289000	125	Manuelni
Peugeot	Kragujevac	2000	2006	Limuzina	Benzin	1600	194000	109	Manuelni
Škoda	Ub	6000	2010	Karavan	Dizel	1896	242858	105	Manuelni
Hyundai	Beograd	4900	2012	Karavan	Benzin	1396	118000	109	Manuelni
Volkswagen	Sombor	6250	2011	Karavan	Dizel	1968	247000	140	Automatski
Fiat	Aleksinac	500000	2002	Hečbek	Benzin	1242	240000	60	Manuelni
Volkswagen	Volujac	1300	1997	Limuzina	Dizel	1900	138000	110	Manuelni
Citroen	Veternik	12499	2019	Džip/SUV	Benzin	1199	68000	110	Manuelni
Nissan	Palilula	2550	2003	Džip/SUV	Benzin	1998	207000	140	Manuelni
Subaru	Kragujevac	1299	2008	Karavan	Dizel	1998	196758	150	Manuelni
Citroen	Čukarica	1700	2003	Hečbek	Dizel	1398	220000	68	Manuelni
Peugeot	Vladičin Han	5850	2011	Hečbek	Dizel	1560	157854	92	Automatski
BMW	Leskovac	20000	2015	Kupe	Dizel	2000	217000	184	Automatski
Zastava	Beograd	390000	2003	Hečbek	Benzin	1587	148651	98	Manuelni
Mercedes Benz	Aleksinac	1499	1986	Limuzina	Benzin + Gas (TNG)	2276	205000	136	Manuelni
Dacia	Subotica	8500	2019	Limuzina	Benzin	898	17800	90	Manuelni
Honda	Sremska Mitrovica	2500	2008	Hečbek	Benzin + Gas (TNG)	1339	292000	83	Manuelni
Mercedes Benz	Čačak	6500	2003	Limuzina	Dizel	3222	276500	204	Automatski
Fiat	Ruma	1999	2006	Hečbek	Dizel	1300	136836	69	Manuelni
Volkswagen	Savino Selo	1300	2000	Hečbek	Dizel	1716	303000	60	Manuelni
Volkswagen	Kikinda	3600	2006	Monovolumen (MiniVan)	Benzin	1390	170500	80	Manuelni
Volkswagen	Gornji Milanovac	4350	2010	Pickup	Dizel	1968	162000	69	Manuelni
Peugeot	Beograd	5250	2011	Kabriolet/Roadster	Benzin	1598	228000	156	Automatski
Ford	Vranje	1250	2000	Karavan	Benzin	1600	254000	101	Manuelni
Volkswagen	Beograd	7750	2010	Hečbek	Dizel	1968	192249	140	Automatski
Citroen	Rača	5800	2011	Hečbek	Dizel	1560	187391	111	Manuelni
Honda	Beograd	7500	2009	Džip/SUV	Benzin + Gas (TNG)	1997	251444	150	Automatski
Citroen	Bačka Palanka	2200	2006	Limuzina	Benzin	1400	117150	94	Manuelni
Toyota	Voždovac	11500	2015	Džip/SUV	Dizel	1998	193681	124	Manuelni
Peugeot	Niš	2200	2004	Karavan	Dizel	1997	215850	90	Manuelni
Chevrolet	Mladenovac	1200	2006	Limuzina	Benzin	1399	270000	94	Manuelni
Dacia	Subotica	5250	2017	Pickup	Dizel	1461	250000	75	Manuelni
Škoda	Čačak	7900	2013	Limuzina	Dizel	1598	177000	105	Manuelni
Opel	Smederevo	2200	2006	Hečbek	Benzin	1364	268000	90	Automatski
Renault	Niš	6350	2013	Monovolumen (MiniVan)	Dizel	1598	219622	131	Manuelni
Lexus	Beograd	31900	2019	Džip/SUV	Hibridni pogon (Benzin)	1987	68000	170	Automatski
Citroen	Zaječar	8750	2017	Hečbek	Dizel	1560	241000	99	Manuelni
Škoda	Stari Grad	6999	2016	Hečbek	Benzin	999	125669	73	Manuelni
Peugeot	Karaburma	10500	2018	Hečbek	Dizel	1499	140000	131	Manuelni
Peugeot	Čukarica	3550	2007	Hečbek	Benzin	1360	177000	75	Manuelni
Zastava	Kragujevac	290000	1982	Limuzina	Benzin	1116	75255	54	Manuelni
Chery	Niš	1500	2010	Limuzina	Benzin	1300	53000	84	Manuelni
Alfa Romeo	Beograd	4299	2009	Kupe	Benzin	1395	177250	155	Manuelni
Mercedes Benz	Beograd	40900	2019	Džip/SUV	Dizel	1950	120000	194	Automatski
Fiat	Kragujevac	1250	2001	Hečbek	Benzin	1242	246426	60	Manuelni
Ford	Kragujevac	1850	2006	Limuzina	Benzin	1388	218000	80	Manuelni
Mazda	Vrčin	10600	2013	Džip/SUV	Dizel	2184	279000	150	Automatski
Audi	Jagodina	11300	2011	Džip/SUV	Dizel	1968	184000	143	Manuelni
Fiat	Kragujevac	2599	2007	Hečbek	Dizel	1910	246000	120	Manuelni
Opel	Bor	2500	2005	Hečbek	Dizel	1686	274000	101	Manuelni
Renault	Novi Sad	3500	2009	Hečbek	Benzin	1149	120000	75	Manuelni
Peugeot	Zrenjanin	3100	2007	Hečbek	Benzin	1360	114000	75	Manuelni
Opel	Subotica	3950	2011	Hečbek	Dizel	1248	189000	95	Manuelni
Peugeot	Šid	2150	2001	Hečbek	Benzin	1587	163000	109	Manuelni
Fiat	Kraljevo	2350	2007	Hečbek	Dizel	1910	240500	120	Manuelni
Volvo	Beograd	29490	2018	Džip/SUV	Dizel	1969	123724	190	Automatski
Citroen	Niš	9900	2017	Hečbek	Dizel	1560	128098	99	Manuelni
Volkswagen	Mladenovac	3100	2004	Limuzina	Dizel	1896	330000	101	Manuelni
Mercedes Benz	Kovin	7999	2010	Limuzina	Dizel	2190	280000	122	Manuelni
Audi	Beograd	17500	2014	Limuzina	Dizel	2967	203500	245	Automatski
Mercedes Benz	Pančevo	3400	2002	Limuzina	Dizel	2148	350000	150	Manuelni
Renault	Beograd	1100	2002	Monovolumen (MiniVan)	Dizel	1870	378000	102	Manuelni
Volkswagen	Šabac	2350	2006	Limuzina	Dizel	1968	255000	140	Manuelni
Audi	Valjevo	1999	2001	Limuzina	Benzin	1595	30000	102	Manuelni
Volkswagen	Kruševac	6499	2010	Hečbek	Dizel	1598	194000	105	Manuelni
Mercedes Benz	Palilula	6200	2006	Džip/SUV	Benzin + Gas (TNG)	3498	250000	272	Automatski
Audi	Despotovo	7300	2009	Hečbek	Dizel	1896	181815	105	Manuelni
Fiat	Beograd	820000	1999	Hečbek	Benzin	1242	185628	60	Manuelni
Mazda	Temerin	800000	2003	Limuzina	Dizel	1998	290000	121	Manuelni
Fiat	Irig	2999	2011	Hečbek	Benzin	1242	252500	69	Manuelni
Fiat	Beograd	650000	2002	Hečbek	Benzin	1747	191000	133	Manuelni
Audi	Valjevo	4700	2005	Limuzina	Dizel	2496	240200	163	Manuelni
Fiat	Beograd	4800	2008	Hečbek	Dizel	1248	175500	75	Manuelni
BMW	Beograd	2600	2007	Džip/SUV	Dizel	2993	227832	218	Automatski
Audi	Ugrinovci	2600	2001	Karavan	Dizel	1896	202000	131	Manuelni
Volkswagen	Novi Sad	2300	2006	Kupe	Benzin	1390	287400	75	Manuelni
BMW	Zrenjanin	2800	2004	Limuzina	Dizel	1951	224000	116	Manuelni
Volkswagen	Ralja	3450	2005	Limuzina	Dizel	1968	328000	140	Manuelni
Alfa Romeo	Beograd	650000	2004	Karavan	Dizel	1910	242300	116	Manuelni
Smart	Niš	2000	2003	Kabriolet/Roadster	Benzin	698	169000	61	Automatski
Renault	Beograd	13799	2019	Hečbek	Dizel	1461	69732	116	Manuelni
Renault	Beograd	1350	2004	Pickup	Dizel	1461	320450	82	Manuelni
Volkswagen	Smederevo	3950	2006	Hečbek	Dizel	1896	225000	105	Manuelni
Opel	Beograd	1900	2005	Karavan	Dizel	1910	260000	120	Manuelni
Škoda	Voždovac	3400	2005	Hečbek	Dizel	1896	222883	131	Manuelni
Zastava	Futog	850000	2006	Hečbek	Benzin + Gas (TNG)	1100	15300	54	Manuelni
Volkswagen	Stari Banovci	5999	2004	Džip/SUV	Dizel	2460	260000	174	Manuelni
Toyota	Valjevo	2200	2006	Džip/SUV	Dizel	2231	280000	136	Manuelni
Fiat	Beograd	1200	2004	Monovolumen (MiniVan)	Dizel	1997	260000	109	Manuelni
Volkswagen	Beograd	10900	2018	Hečbek	Benzin	999	70000	116	Manuelni
Peugeot	Novo Selo	1900	2005	Limuzina	Benzin	2000	563214	99	Manuelni
BMW	Futog	8990	2010	Karavan	Dizel	2993	204082	245	Automatski
Opel	Železnik	1600	2001	Hečbek	Dizel	1995	230000	101	Manuelni
Mercedes Benz	Ruma	4750	2010	Monovolumen (MiniVan)	Dizel	1991	256370	109	Manuelni
Toyota	Kragujevac	3350	2005	Limuzina	Dizel	1995	252000	116	Manuelni
Fiat	Mramorak	1300	2002	Karavan	Dizel	1910	30000	110	Manuelni
Audi	Beograd	4200	2010	Hečbek	Dizel	1598	205300	105	Manuelni
Mercedes Benz	Novi Sad	5000	2010	Monovolumen (MiniVan)	Dizel	1991	204500	140	Automatski
Nissan	Nova Gajdobra	8100	2010	Džip/SUV	Dizel	1994	214500	150	Manuelni
Audi	Valjevo	3350	2004	Hečbek	Dizel	1896	250200	105	Manuelni
Audi	Barajevo	4600	2006	Limuzina	Dizel	1968	270000	140	Manuelni
Audi	Subotica	30500	2015	Džip/SUV	Dizel	2967	220000	272	Automatski
Škoda	Gospođinci	1350	2009	Limuzina	Dizel	1598	220000	105	Manuelni
Fiat	Blace	999000	2003	Hečbek	Benzin	1108	140000	54	Manuelni
Fiat	Čačak	900000	2002	Hečbek	Dizel	1910	245000	60	Manuelni
Volkswagen	Valjevo	2750	2009	Limuzina	Benzin	1196	243415	69	Manuelni
Ford	Loznica	7099	2008	Džip/SUV	Dizel	1997	217000	136	Manuelni
Opel	Kruševac	1750	2004	Monovolumen (MiniVan)	Benzin	1598	231600	101	Manuelni
Volkswagen	Čačak	4800	2007	Monovolumen (MiniVan)	Dizel	1968	210000	140	Manuelni
Nissan	Novi Beograd	22800	2020	Džip/SUV	Benzin	1332	53712	160	Automatski
Volkswagen	Kragujevac	1399	2002	Hečbek	Benzin	1398	235000	75	Manuelni
Volkswagen	Zrenjanin	4400	2008	Hečbek	Benzin	1984	213447	200	Automatski
Kia	Aranđelovac	1850	2005	Limuzina	Benzin	1599	202000	105	Manuelni
Ford	Prokuplje	9000	2012	Džip/SUV	Dizel	1997	220000	140	Manuelni
Volkswagen	Kragujevac	3499	2006	Limuzina	Dizel	1998	200000	140	Manuelni
Volvo	Vladimirovac	1399	2002	Karavan	Dizel	1870	296745	116	Manuelni
Volkswagen	Novi Sad	4700	2008	Karavan	Dizel	1968	318000	170	Automatski
Renault	Sombor	1400	2002	Monovolumen (MiniVan)	Dizel	1870	321000	80	Manuelni
Fiat	Pejkovac	1500	2001	Hečbek	Benzin + Gas (TNG)	1242	258000	80	Manuelni
Renault	Novi Beograd	6150	2013	Hečbek	Dizel	1461	210000	90	Manuelni
Peugeot	Aranđelovac	4200	2012	Hečbek	Benzin	1397	142000	95	Manuelni
MINI	Niš	1850	2002	Limuzina	Benzin	1600	250000	88	Manuelni
Jeep	Kikinda	6100	2007	Džip/SUV	Dizel	1968	233000	140	Manuelni
Renault	Selenča	680000	1945	Limuzina	Benzin	1963	23000	137	Manuelni
Honda	Beograd	10200	2014	Hečbek	Benzin	1798	125000	141	Manuelni
Volkswagen	Kruševac	1000	1999	Limuzina	Benzin	1400	213456	75	Manuelni
Audi	Subotica	4300	2004	Hečbek	Benzin	1600	230000	102	Automatski
Škoda	Beograd	8100	2015	Hečbek	Benzin	1197	60569	105	Manuelni
Hyundai	Novi Beograd	4400	2011	Hečbek	Benzin	1248	74000	77	Manuelni
Volkswagen	Subotica	5000	2008	Karavan	Dizel	1968	298000	140	Automatski
Peugeot	Šabac	899000	2001	Hečbek	Benzin	1124	186000	60	Manuelni
Volkswagen	Kotraža	200000	1991	Hečbek	Dizel	1560	250096	54	Manuelni
Opel	Zvezdara	5500	2010	Hečbek	Dizel	1686	227400	110	Manuelni
Volkswagen	Obrenovac	1950	2004	Karavan	Dizel	1896	283422	131	Manuelni
Renault	Novi Sad	6900	2017	Hečbek	Dizel	1461	191818	75	Manuelni
Renault	Bujanovac	1500	2002	Limuzina	Dizel	1870	250000	102	Automatski
Renault	Beograd	15499	2020	Hečbek	Benzin	1332	43205	116	Manuelni
BMW	Borča	12800	2012	Džip/SUV	Dizel	1995	225710	184	Automatski
Volkswagen	Novi Sad	12000	2016	Hečbek	Benzin	1197	67367	86	Manuelni
Audi	Lazarevac	3700	2004	Karavan	Dizel	1896	315000	131	Manuelni
Fiat	Niš	1150	2001	Hečbek	Benzin	1242	176000	60	Manuelni
Lancia	Obrenovac	2300	2004	Hečbek	Dizel	1248	240130	69	Manuelni
Citroen	Sombor	5200	2010	Karavan	Dizel	1997	253455	163	Manuelni
Audi	Kusadak	2100	2001	Karavan	Dizel	2496	301800	179	Manuelni
Opel	Kragujevac	1300	2001	Karavan	Benzin	1398	207000	90	Manuelni
Volkswagen	Beograd	13750	2015	Limuzina	Dizel	1598	178670	120	Automatski
Citroen	Sombor	1100	2005	Monovolumen (MiniVan)	Dizel	1560	235000	109	Manuelni
Renault	Zlatibor	5100	2011	Hečbek	Dizel	1461	193560	110	Manuelni
BMW	Novi Sad	17800	2013	Limuzina	Dizel	1995	172830	184	Automatski
Honda	Zaječar	2500	2002	Hečbek	Benzin	1590	190000	110	Manuelni
Volkswagen	Mionica (Varošica)	750000	2001	Karavan	Benzin + Gas (TNG)	1390	240000	75	Manuelni
Opel	Kragujevac	1250	2005	Monovolumen (MiniVan)	Benzin	1598	221362	101	Manuelni
Peugeot	Novi Sad	2850	2006	Hečbek	Dizel	1398	270000	68	Manuelni
Volkswagen	Beograd	6300	2010	Džip/SUV	Benzin	1390	237000	150	Manuelni
Audi	Ljubovija	4000	2003	Kabriolet/Roadster	Benzin	1781	205443	163	Manuelni
Opel	Lešnica	1400	2003	Limuzina	Dizel	1686	261000	75	Manuelni
Volkswagen	Nova Varoš	11000	2010	Džip/SUV	Dizel	1968	282600	140	Manuelni
Audi	Beograd	60000	2020	Džip/SUV	Dizel	2967	119000	286	Automatski
Mercedes Benz	Beograd	7999	2007	Džip/SUV	Dizel	2987	254000	224	Automatski
Mercedes Benz	Beograd	21500	2019	Hečbek	Benzin	1400	34000	136	Automatski
Mercedes Benz	Kruševac	38900	2016	Džip/SUV	Dizel	2987	125000	258	Automatski
Alfa Romeo	Ruma	3300	2007	Karavan	Dizel	1910	203150	150	Manuelni
Renault	Smederevo	1050	2004	Karavan	Dizel	1461	221000	101	Manuelni
BMW	Beograd	22650	2020	Džip/SUV	Dizel	1995	123324	136	Automatski
Volkswagen	Loznica	10000	2008	Džip/SUV	Dizel	2967	276600	224	Automatski
Mercedes Benz	Saraorci	19500	2011	Kupe	Dizel	2143	255000	204	Automatski
Ford	Topola	1000	2004	Limuzina	Benzin	1599	111111	101	Manuelni
Renault	Čačak	350000	2002	Hečbek	Dizel	1461	260000	65	Manuelni
Fiat	Perlez	5500	2012	Hečbek	Dizel	1996	154000	125	Manuelni
Renault	Palilula	15400	2020	Džip/SUV	Benzin	1332	92000	140	Manuelni
Peugeot	Beograd	3999	2010	Hečbek	Dizel	1398	202588	68	Manuelni
Opel	Umka	1600	2002	Monovolumen (MiniVan)	Dizel	1995	255514	101	Manuelni
Volkswagen	Klenje	400000	1996	Karavan	Dizel	1900	456000	75	Manuelni
Fiat	Beograd	10999	2020	Limuzina	Benzin	1368	105445	95	Manuelni
Mercedes Benz	Beograd	1500	2003	Hečbek	Dizel	1689	221186	95	Manuelni
Opel	Stara Pazova	3250	2007	Hečbek	Dizel	1248	175648	90	Manuelni
Ford	Kula	5900	2014	Hečbek	Benzin	999	138000	125	Manuelni
Seat	Žabare	5400	2010	Hečbek	Benzin	1390	197000	150	Automatski
Opel	Sombor	3750	2009	Hečbek	Dizel	1248	189160	90	Manuelni
Smart	Nova Pazova	2800	2008	Kupe	Benzin	999	158000	98	Automatski
Renault	Topola	9390	2019	Hečbek	Dizel	1461	40000	75	Manuelni
Opel	Zrenjanin	999000	2001	Hečbek	Benzin + Gas (TNG)	1199	210000	75	Manuelni
Alfa Romeo	Valjevo	1000	2001	Limuzina	Dizel	1910	260000	116	Manuelni
Citroen	Bojnik	2300	2008	Hečbek	Benzin	1598	154926	109	Manuelni
Fiat	Ivanjica	1200	2003	Hečbek	Benzin	1596	190000	103	Manuelni
BMW	Inđija	13500	2012	Džip/SUV	Dizel	1995	254880	184	Manuelni
Volkswagen	Novi Sad	1700	2002	Hečbek	Benzin	1198	200000	54	Manuelni
Opel	Čačak	3300	2007	Karavan	Dizel	1910	177660	120	Manuelni
Chery	Stepojevac	1250	2010	Hečbek	Benzin	1300	180546	84	Manuelni
Citroen	Zrenjanin	2300	2008	Hečbek	Benzin	1360	208000	73	Manuelni
Fiat	Novi Sad	1900	2004	Karavan	Dizel	1910	234292	80	Manuelni
Peugeot	Obrenovac	2850	2007	Hečbek	Dizel	1560	270000	109	Manuelni
Škoda	Smederevo	14500	2015	Hečbek	Dizel	1968	220000	190	Manuelni
Citroen	Beograd	2000	2007	Hečbek	Dizel	1560	320000	90	Manuelni
Opel	Šabac	2800	2007	Hečbek	Dizel	1248	250000	75	Manuelni
Renault	Mladenovac	3350	2008	Karavan	Dizel	1461	191000	86	Manuelni
Fiat	Šabac	980000	2002	Hečbek	Dizel	1910	235000	80	Manuelni
Hyundai	Jaša Tomić	2000	2002	Džip/SUV	Dizel	1991	309000	113	Manuelni
Ford	Vranje	800000	1999	Hečbek	Benzin	1300	169000	50	Manuelni
Opel	Aleksinac	600000	1974	Limuzina	Benzin	1200	77777	45	Manuelni
Mercedes Benz	Čačak	2500	2002	Limuzina	Dizel	2685	330000	177	Manuelni
Opel	Surčin	4100	2011	Monovolumen (MiniVan)	Dizel	1686	180000	125	Manuelni
Renault	Futog	5390	2012	Hečbek	Dizel	1461	209122	90	Manuelni
Volkswagen	Irig	11000	2010	Džip/SUV	Dizel	1968	176580	140	Automatski
Mercedes Benz	Ivanjica	48000	2017	Limuzina	Dizel	2925	245000	286	Automatski
Audi	Novi Beograd	35500	2020	Limuzina	Hibridni pogon (Dizel)	2967	152000	286	Automatski
Ford	Kragujevac	1000	2004	Hečbek	Dizel	1398	250000	68	Manuelni
Mercedes Benz	Zemun	8700	2011	Limuzina	Dizel	2143	209000	170	Manuelni
BMW	Sombor	4300	2007	Limuzina	Benzin	1995	212201	143	Manuelni
Fiat	Sremčica	1100	2002	Hečbek	Benzin	1242	167700	60	Manuelni
Seat	Zlatibor	4000	2008	Monovolumen (MiniVan)	Dizel	1896	264000	105	Manuelni
Mercedes Benz	Subotica	1849	2004	Hečbek	Benzin + Gas (TNG)	1887	245368	125	Manuelni
Citroen	Lazarevo	2650	2007	Monovolumen (MiniVan)	Benzin	1587	173526	109	Manuelni
BMW	Futog	11990	2012	Džip/SUV	Dizel	1995	214225	184	Automatski
BMW	Beograd	5900	2007	Džip/SUV	Dizel	1995	215000	150	Manuelni
Volkswagen	Šabac	1899	2006	Karavan	Dizel	1890	450000	105	Manuelni
Peugeot	Sombor	15950	2017	Džip/SUV	Dizel	1560	159628	120	Automatski
BMW	Paraćin	6299	2010	Karavan	Dizel	1995	210000	184	Automatski
Citroen	Beograd	2000	2007	Hečbek	Dizel	1560	320000	90	Manuelni
Fiat	Užice	650000	2002	Hečbek	Benzin	1108	153000	54	Manuelni
Opel	Sremski Karlovci	600000	2004	Karavan	Dizel	1686	250000	75	Manuelni
Renault	Novi Sad	999000	1997	Hečbek	Benzin	1149	182257	54	Manuelni
Ford	Beograd	500000	2001	Karavan	Benzin + Gas (TNG)	1600	150000	95	Manuelni
Fiat	Zemun	6500	2017	Hečbek	Benzin	1242	33719	69	Manuelni
Peugeot	Vrbas	1200	2001	Hečbek	Dizel	1868	172334	69	Manuelni
MINI	Novi Sad	2650	2004	Kupe	Benzin	1600	162025	116	Manuelni
BMW	Beograd	14900	2017	Limuzina	Dizel	1995	189889	150	Automatski
Opel	Obrenovac	900000	2002	Karavan	Dizel	1686	307000	75	Manuelni
Škoda	Beograd	11999	2017	Hečbek	Dizel	1598	157017	116	Manuelni
Opel	Šabac	1100	2001	Hečbek	Dizel	1686	308567	75	Manuelni
Opel	Ada	4650	2010	Monovolumen (MiniVan)	Dizel	1686	210000	131	Manuelni
Mercedes Benz	Beograd	9500	2007	Kupe	Dizel	2987	217000	224	Automatski
Mazda	Zvezdara	1400	2002	Limuzina	Dizel	2000	250000	101	Manuelni
Volkswagen	Smederevo	1700	2001	Karavan	Benzin + Gas (TNG)	1984	320550	116	Manuelni
Mercedes Benz	Bajina Bašta	3750	2008	Monovolumen (MiniVan)	Dizel	1991	184000	109	Manuelni
Renault	Voždovac	600000	2002	Hečbek	Dizel	1870	240000	102	Manuelni
Ford	Šabac	14350	2017	Džip/SUV	Dizel	1997	195000	150	Manuelni
BMW	Vranje	2700	2003	Karavan	Dizel	1995	398000	150	Manuelni
Zastava	Voždovac	1800	2006	Hečbek	Benzin	1100	66370	60	Manuelni
Citroen	Valjevo	999000	2004	Hečbek	Benzin	1124	230000	60	Manuelni
Fiat	Apatin	3700	2012	Hečbek	Dizel	1295	197000	83	Manuelni
Alfa Romeo	Smederevska Palanka	3850	2008	Hečbek	Benzin	1368	247883	155	Manuelni
Audi	Loznica	7490	2010	Karavan	Benzin	1984	203000	179	Automatski
Volkswagen	Krupanj	1650	2001	Karavan	Benzin + Gas (TNG)	1984	350000	116	Manuelni
Audi	Negotin	5555	2006	Limuzina	Dizel	1968	275000	140	Automatski
Volkswagen	Smederevska Palanka	5000	2007	Hečbek	Dizel	1968	225000	170	Automatski
Citroen	Vračar	4400	2009	Monovolumen (MiniVan)	Benzin	1360	146000	75	Manuelni
Audi	Trstenik	1200	2002	Hečbek	Benzin	1781	11111	125	Automatski
Peugeot	Kraljevo	5950	2013	Hečbek	Benzin	1199	133470	82	Manuelni
Volkswagen	Beograd	5500	2013	Monovolumen (MiniVan)	Dizel	1598	422000	105	Automatski
Lada	Jasenovo	3300	2009	Džip/SUV	Benzin + Gas (TNG)	1690	96000	80	Manuelni
BMW	Svilajnac	3300	2001	Limuzina	Benzin	1895	130000	105	Manuelni
Opel	Kuršumlija	3300	2007	Hečbek	Benzin	1229	158350	80	Manuelni
Nissan	Petrovaradin	5350	2007	Džip/SUV	Dizel	1994	239000	150	Manuelni
Audi	Kruševac	2200	2002	Limuzina	Dizel	1896	299844	131	Manuelni
Škoda	Barajevo	1950	2007	Hečbek	Benzin	1390	259613	86	Manuelni
Peugeot	Paraćin	1899	2007	Hečbek	Benzin	998	157515	68	Manuelni
Daewoo	Jagodina	770000	1918	Limuzina	Benzin	796	137265	56	Manuelni
Audi	Novi Pazar	16500	2011	Hečbek	Dizel	2967	299999	245	Automatski
Volkswagen	Kragujevac	11990	2015	Karavan	Dizel	1598	198580	120	Automatski
Opel	Subotica	2680	2005	Hečbek	Benzin	1598	255000	105	Manuelni
Citroen	PETROVARADIN	1900	2008	Hečbek	Dizel	1560	241000	109	Automatski
Audi	Dolovo	2650	2003	Karavan	Dizel	1896	290000	131	Automatski
Volvo	Futog	11490	2016	Hečbek	Dizel	1969	172380	150	Manuelni
Citroen	Majur	3300	2008	Monovolumen (MiniVan)	Dizel	1997	305000	136	Manuelni
Opel	Martinci	4900	2009	Limuzina	Dizel	1956	250000	160	Manuelni
Audi	Čačak	3100	2002	Karavan	Dizel	1896	229900	131	Manuelni
Mazda	Beograd	14750	2016	Džip/SUV	Benzin	1998	166500	150	Automatski
Lancia	Niš	900000	2001	Hečbek	Benzin	1242	137000	80	Manuelni
Fiat	Jagodina	900000	2003	Monovolumen (MiniVan)	Dizel	1910	327460	116	Manuelni
Citroen	Kraljevo	10500	2020	Hečbek	Dizel	1499	206000	102	Manuelni
Škoda	Šabac	600000	2005	Karavan	Dizel	1422	228000	69	Manuelni
Fiat	Mladenovac	2450	2011	Hečbek	Dizel	1298	171338	69	Manuelni
BMW	Novi Pazar	5500	2006	Limuzina	Benzin	2497	149000	218	Automatski
Hyundai	Beograd	10300	2016	Hečbek	Benzin	1368	56271	99	Manuelni
Audi	Novi Sad	72500	2020	Džip/SUV	Hibridni pogon (Dizel)	2967	71043	286	Automatski
Dacia	Mionica (Varošica)	2750	2011	Hečbek	Benzin	1149	75000	75	Manuelni
MINI	Svrljig	2350	2006	Hečbek	Dizel	1400	210000	88	Manuelni
Renault	Ruma	1500	2006	Monovolumen (MiniVan)	Dizel	1870	297000	120	Manuelni
Volkswagen	Beograd	20800	2017	Džip/SUV	Dizel	1968	113000	150	Automatski
Volkswagen	Bujanovac	900000	1995	Hečbek	Benzin + Gas (TNG)	1600	230000	75	Manuelni
Opel	Čačak	600000	1999	Karavan	Dizel	1995	245000	82	Manuelni
Škoda	Beograd	16800	2021	Hečbek	Benzin	1495	141000	150	Manuelni
Škoda	Beograd	20000	2017	Hečbek	Dizel	1968	88000	190	Automatski
Mazda	Kragujevac	1600	2003	Karavan	Dizel	1999	283568	136	Manuelni
Citroen	Beograd	8650	2018	Hečbek	Benzin	1199	72768	82	Manuelni
Alfa Romeo	Beograd	3500	2010	Karavan	Benzin	1742	223500	200	Manuelni
Audi	Kraljevo	3190	2003	Limuzina	Benzin	1595	296000	102	Manuelni
Chevrolet	Zemun	1400	2005	Hečbek	Benzin	1150	135788	72	Manuelni
Renault	Beograd	11999	2021	Hečbek	Benzin	999	84343	67	Manuelni
Kia	Zemun	11700	2018	Džip/SUV	Benzin	1248	126293	84	Manuelni
Škoda	Pirot	6500	2015	Hečbek	Dizel	1598	220000	105	Manuelni
Renault	Donja Vrežina	1490	2005	Hečbek	Dizel	1461	212000	86	Manuelni
Kia	Novi Sad	8999	2013	Džip/SUV	Dizel	1685	223000	116	Manuelni
Seat	Kraljevo	3999	2007	Monovolumen (MiniVan)	Dizel	1896	210000	105	Manuelni
Peugeot	Beograd	2400	2007	Karavan	Dizel	1997	242850	136	Automatski
Audi	Novi Sad	72500	2020	Džip/SUV	Hibridni pogon (Dizel)	2967	71043	286	Automatski
Ford	Rakovica	1400	2002	Hečbek	Benzin	1598	205000	101	Manuelni
Mercedes Benz	Beograd	10000	2008	Džip/SUV	Dizel	2987	292000	224	Automatski
Volkswagen	Sombor	3000	2007	Hečbek	Benzin	1198	184401	64	Manuelni
Peugeot	Bačka Palanka	800000	2003	Monovolumen (MiniVan)	Dizel	1997	265000	90	Manuelni
BMW	Kraljevo	7200	2013	Hečbek	Benzin	1598	238000	136	Manuelni
Audi	Paraćin	850000	1987	Limuzina	Benzin + Gas (TNG)	1781	201500	73	Manuelni
Smart	Požarevac	1680	2001	Kupe	Benzin	600	129000	60	Automatski
Škoda	Beograd	2200	2005	Karavan	Dizel	1896	346000	105	Manuelni
Daihatsu	Aleksandrovac	1350	1989	Džip/SUV	Benzin	1600	180000	95	Manuelni
Volkswagen	Veliki Crljeni	4900	2010	Karavan	Dizel	1968	201409	110	Manuelni
Mercedes Benz	Stara Pazova	5000	2003	Kupe	Benzin	2597	310000	170	Manuelni
BMW	Niš	2000	2001	Karavan	Dizel	1951	280000	136	Manuelni
BMW	Valjevo	1850	2001	Karavan	Dizel	1951	407000	136	Manuelni
Citroen	Beograd	1190	2001	Monovolumen (MiniVan)	Benzin	1749	235000	116	Manuelni
BMW	Beograd	2290	2002	Limuzina	Dizel	1995	347000	150	Manuelni
Volkswagen	Blace	3750	2007	Hečbek	Benzin	1390	223000	140	Manuelni
Wartburg	Sombor	800000	1989	Limuzina	Benzin + Gas (TNG)	1300	135000	58	Manuelni
Alfa Romeo	Kraljevo	2650	2008	Kupe	Dizel	1910	207074	150	Manuelni
Volkswagen	Loznica	4790	2007	Hečbek	Dizel	1968	213000	140	Manuelni
Peugeot	Beograd	4200	2011	Karavan	Dizel	1560	152250	111	Automatski
Peugeot	Ruma	5600	2012	Hečbek	Dizel	1560	237599	111	Automatski
Fiat	Velika Plana	1000	2002	Hečbek	Dizel	1910	290000	80	Manuelni
Audi	Sopot	2000	2000	Karavan	Dizel	1896	32000	116	Manuelni
Chevrolet	Guča	4600	2010	Limuzina	Dizel	1991	234398	125	Manuelni
Ford	Aranđelovac	3900	2009	Monovolumen (MiniVan)	Benzin + Metan (CNG)	2000	161649	145	Manuelni
Renault	Čačak	1300	2004	Hečbek	Benzin + Gas (TNG)	1149	226295	58	Manuelni
Peugeot	Mladenovac	1256	2002	Karavan	Dizel	1997	270000	107	Manuelni
Volkswagen	Kučevo	3450	2007	Hečbek	Benzin	1598	274724	116	Manuelni
Citroen	Kragujevac	9250	2020	Hečbek	Dizel	1499	144256	102	Manuelni
Mercedes Benz	Zaječar	2500	2005	Hečbek	Dizel	1992	279951	109	Manuelni
Audi	Bajina Bašta	7500	2009	Limuzina	Dizel	1996	166000	143	Manuelni
Fiat	Batočina	1900	2004	Hečbek	Benzin	1242	297000	60	Manuelni
Peugeot	Grljan	650000	2004	Hečbek	Benzin	1400	204000	75	Manuelni
Volkswagen	Niš	2000	2001	Hečbek	Dizel	1896	250000	116	Manuelni
Volkswagen	Velika Plana	8200	2014	Monovolumen (MiniVan)	Dizel	1598	187427	102	Manuelni
Volkswagen	Kosančić	4599	2005	Limuzina	Dizel	1968	246000	140	Manuelni
Audi	Jagodina	2000	2004	Hečbek	Dizel	1968	250000	140	Manuelni
Volkswagen	Ćićevac	1000	2000	Karavan	Dizel	1896	250343	116	Manuelni
BMW	Novi Beograd	12500	2013	Limuzina	Dizel	1995	151500	143	Manuelni
Volkswagen	Novi Pazar	6300	2013	Karavan	Dizel	1598	199585	105	Manuelni
Volkswagen	Novi Sad	7000	2011	Kupe	Benzin	1390	232500	122	Manuelni
Ford	Beograd	6900	2013	Hečbek	Benzin	998	108117	125	Manuelni
Volkswagen	Požega	2200	2003	Hečbek	Dizel	1896	343022	101	Manuelni
Ford	Novi Sad	1190	1967	Limuzina	Benzin	1300	100000	50	Manuelni
Daewoo	Ravno Selo	930000	2004	Limuzina	Benzin	799	221000	52	Manuelni
Renault	Beograd	5500	2011	Monovolumen (MiniVan)	Dizel	1461	213000	110	Automatski
Peugeot	Niš	4790	2012	Hečbek	Dizel	1398	122153	68	Manuelni
Renault	Sombor	3199	2008	Hečbek	Benzin	1149	199678	101	Manuelni
Peugeot	Batajnica	5500	2010	Džip/SUV	Dizel	1560	186000	109	Automatski
Citroen	Borča	1700	2004	Limuzina	Dizel	1997	313000	136	Manuelni
Volkswagen	Lazarevac	1600	2000	Hečbek	Benzin	1390	236456	60	Manuelni
Renault	Užice	350000	2003	Hečbek	Benzin	1149	190000	58	Manuelni
Škoda	Novi Sad	16900	2016	Hečbek	Dizel	1968	163000	190	Automatski
Audi	Novi Pazar	12300	2010	Džip/SUV	Dizel	1968	229000	170	Automatski
BMW	Niš	6200	2005	Limuzina	Dizel	2993	280000	218	Automatski
BMW	Niš	4850	2005	Limuzina	Benzin	1995	199500	129	Manuelni
Audi	Ivanjica	700000	1992	Limuzina	Benzin + Gas (TNG)	1984	352536	116	Manuelni
Alfa Romeo	Beograd	477000	2003	Hečbek	Dizel	1900	230000	109	Manuelni
Mazda	Pančevo	1700	2006	Hečbek	Benzin + Gas (TNG)	1598	236133	105	Manuelni
Volkswagen	Prokuplje	2300	2000	Hečbek	Dizel	1896	273000	110	Manuelni
Fiat	Novi Sad	650000	2002	Hečbek	Benzin	1108	148000	54	Manuelni
Fiat	Rača	490000	2004	Hečbek	Benzin	1242	258000	60	Manuelni
BMW	Jabuka	10000	2009	Džip/SUV	Dizel	2993	210000	306	Automatski
Fiat	Beograd	1100	2002	Hečbek	Dizel	1910	248800	86	Manuelni
Peugeot	Ruma	2500	2006	Limuzina	Dizel	1997	318727	136	Manuelni
Volkswagen	Smederevo	4450	2010	Hečbek	Benzin	1198	203874	60	Manuelni
BMW	Sremčica	3850	2004	Limuzina	Dizel	1995	269000	150	Automatski
Volkswagen	Novi Sad	2650	2004	Hečbek	Dizel	1968	245000	75	Manuelni
Volkswagen	Aranđelovac	2250	2002	Limuzina	Dizel	1900	278960	101	Manuelni
Mercedes Benz	Prhovo	1200	2001	Hečbek	Benzin	1397	216000	82	Manuelni
Land	Novi Beograd	127990	2023	Džip/SUV	Dizel	2997	22000	351	Automatski
Land	Valjevo	7200	2008	Džip/SUV	Dizel	3630	22000	272	Automatski
Volkswagen	Beograd	4600	2007	Limuzina	Dizel	1968	246000	140	Manuelni
Peugeot	Stara Pazova	2100	2006	Hečbek	Benzin	1360	225588	75	Manuelni
Ford	Aleksinac	1200	2001	Karavan	Dizel	1753	382326	90	Manuelni
Peugeot	Jabuka	1000	2004	Karavan	Dizel	1560	261122	109	Manuelni
Mercedes Benz	Niš	10700	2012	Hečbek	Dizel	1461	204300	109	Manuelni
Mercedes Benz	Kovin	7999	2010	Limuzina	Dizel	2190	280000	122	Manuelni
Audi	Jagodina	11300	2011	Džip/SUV	Dizel	1968	184000	143	Manuelni
Renault	Kragujevac	2300	2007	Monovolumen (MiniVan)	Dizel	1700	139400	68	Manuelni
Peugeot	Beograd	2850	2007	Hečbek	Dizel	1398	198650	68	Manuelni
Peugeot	Zrenjanin	4500	2009	Hečbek	Dizel	1560	244130	109	Manuelni
Škoda	Novi Sad	4900	2010	Hečbek	Benzin + Gas (TNG)	1600	286000	105	Manuelni
BMW	Zrenjanin	5999	2009	Limuzina	Dizel	1997	350000	177	Automatski
Škoda	Čačak	8500	2009	Limuzina	Dizel	1896	191040	105	Manuelni
Volkswagen	Ruma	6000	2009	Hečbek	Benzin	1390	267000	122	Manuelni
Volkswagen	Kula	2350	2006	Hečbek	Benzin	1390	215000	101	Manuelni
Hyundai	Beograd	3500	2008	Hečbek	Benzin	1396	172100	109	Manuelni
Volkswagen	Beograd	1550	2003	Hečbek	Benzin	1198	215000	54	Manuelni
Volkswagen	Beograd	19250	2017	Džip/SUV	Dizel	1986	177069	150	Automatski
Ford	Novi Beograd	12990	2018	Limuzina	Dizel	1499	122877	120	Manuelni
Alfa Romeo	Obrenovac	1100	2002	Limuzina	Dizel	1900	250000	116	Manuelni
Citroen	Čačak	4950	2011	Karavan	Dizel	1997	222500	163	Automatski
Opel	Novi Sad	1800	2005	Hečbek	Dizel	1686	230000	101	Manuelni
Audi	Zemun	19300	2016	Limuzina	Dizel	1968	309000	190	Automatski
Seat	Zemun	1899	2005	Hečbek	Benzin	1390	197000	75	Manuelni
Volkswagen	Beograd	11900	2015	Karavan	Dizel	1968	219200	150	Manuelni
Land	Beograd	14500	2012	Džip/SUV	Dizel	2179	183000	190	Manuelni
Fiat	Pančevo	2499	2009	Hečbek	Benzin	1242	180000	60	Manuelni
Citroen	Čačak	250000	1991	Hečbek	Benzin + Gas (TNG)	1100	170000	75	Manuelni
Fiat	Jagodina	1050	2001	Hečbek	Benzin	1242	158542	60	Manuelni
Volkswagen	Aranđelovac	6100	2010	Hečbek	Dizel	1598	343000	105	Automatski
Mercedes Benz	Beograd	1750	2005	Hečbek	Dizel	1991	226000	109	Manuelni
Jeep	Niš	5700	2008	Džip/SUV	Dizel	1968	220000	140	Manuelni
Opel	Lebane	5250	2011	Karavan	Dizel	1686	205665	110	Manuelni
BMW	Paraćin	5300	1989	Kabriolet/Roadster	Benzin + Gas (TNG)	2300	250000	150	Manuelni
Peugeot	Beograd	1900	2007	Hečbek	Benzin	1598	147000	120	Manuelni
Renault	Batajnica	9990	2016	Karavan	Dizel	1596	225000	131	Automatski
Mercedes Benz	Novi Sad	5000	2010	Monovolumen (MiniVan)	Dizel	1991	204500	140	Automatski
Peugeot	Batajnica	950000	1999	Hečbek	Benzin	1360	200000	75	Manuelni
Nissan	Subotica	10800	2015	Džip/SUV	Benzin	1197	127000	116	Manuelni
Volkswagen	Lešnica	7500	2012	Karavan	Dizel	1968	261000	140	Manuelni
Volkswagen	Salaš Noćajski	4250	2009	Limuzina	Benzin	1798	287700	160	Automatski
BMW	Niš	2900	2004	Limuzina	Benzin	1796	300000	116	Manuelni
Volkswagen	Smederevska Palanka	3250	2006	Monovolumen (MiniVan)	Dizel	1896	240000	105	Manuelni
Volkswagen	Beograd	6990	2011	Monovolumen (MiniVan)	Benzin + Metan (CNG)	1400	300000	150	Automatski
Kia	Sremska Mitrovica	3999	2006	Džip/SUV	Benzin + Gas (TNG)	1975	201000	141	Manuelni
Peugeot	Obrenovac	2850	2007	Hečbek	Dizel	1560	270000	109	Manuelni
Audi	Kruševac	15450	2012	Džip/SUV	Dizel	1968	195000	170	Automatski
BMW	Brza	9990	2012	Džip/SUV	Dizel	1989	172000	143	Automatski
Citroen	Kruševac	3000	2008	Hečbek	Dizel	1398	172000	68	Manuelni
Renault	Inđija	4550	2011	Monovolumen (MiniVan)	Dizel	1461	210000	110	Manuelni
Citroen	Topola	1600	2004	Limuzina	Benzin	1470	272537	73	Manuelni
Volkswagen	Beograd	24900	2020	Džip/SUV	Dizel	1968	146998	150	Automatski
Audi	Parage	2900	2002	Limuzina	Dizel	1896	365000	131	Manuelni
Volkswagen	Bačka Palanka	7199	2009	Hečbek	Dizel	1968	225000	140	Manuelni
Fiat	Kula	1700	2004	Hečbek	Dizel	1248	300000	69	Manuelni
Volvo	Novi Beograd	12800	2019	Hečbek	Dizel	1969	92000	120	Manuelni
Škoda	Beograd	7000	2012	Karavan	Dizel	1968	265000	140	Automatski
Audi	Smederevska Palanka	4499	2006	Karavan	Dizel	1896	230000	116	Manuelni
Renault	Kragujevac	699000	1053	Limuzina	Benzin + Gas (TNG)	1787	267000	94	Manuelni
Renault	Donja Vrežina	400000	1993	Hečbek	Benzin	1171	241072	54	Manuelni
BMW	Novi Sad	12499	2015	Monovolumen (MiniVan)	Dizel	1500	162000	120	Automatski
Citroen	Kovin	1500	2002	Hečbek	Benzin + Gas (TNG)	1360	340000	75	Manuelni
Audi	Koceljeva	3199	2005	Karavan	Dizel	1968	271843	140	Manuelni
Porsche	Beograd	34000	2017	Džip/SUV	Dizel	2967	144348	258	Automatski
Citroen	Bečej	4000	2009	Monovolumen (MiniVan)	Benzin	1397	145740	95	Manuelni
Fiat	Kraljevo	980000	2003	Hečbek	Dizel	1910	275000	116	Manuelni
Volkswagen	Vlasotince	3100	2006	Hečbek	Benzin	1198	149700	64	Manuelni
Peugeot	Borča	1800	2006	Karavan	Dizel	1560	310123	109	Manuelni
Ford	Topola	580000	2001	Hečbek	Benzin	2000	11111	131	Manuelni
Renault	Beograd	3800	2012	Hečbek	Benzin	1149	224500	103	Manuelni
Zastava	Kikinda	1100	2007	Pickup	Benzin	1100	101000	54	Manuelni
Mercedes Benz	Leskovac	10500	2007	Kupe	Benzin	5461	266200	387	Automatski
Opel	Kruševac	1099	2001	Karavan	Dizel	1700	320500	75	Manuelni
Opel	Mionica (Selo)	3500	2005	Hečbek	Dizel	1686	234000	80	Manuelni
Fiat	Pančevo	2750	2009	Hečbek	Benzin	1242	78000	60	Manuelni
Audi	Niš	10190	2012	Karavan	Dizel	1968	221700	177	Manuelni
Audi	Loznica	3200	2005	Hečbek	Dizel	1968	237000	140	Manuelni
Fiat	Vladičin Han	4850	2009	Džip/SUV	Dizel	1910	198000	120	Manuelni
BMW	Zrenjanin	11500	2011	Karavan	Dizel	2993	270000	258	Automatski
Volkswagen	Sombor	2350	2004	Hečbek	Benzin	1198	138000	64	Manuelni
BMW	Kruševac	2000	2003	Karavan	Dizel	1995	30000	150	Automatski
Citroen	Rakovica	3300	2009	Monovolumen (MiniVan)	Dizel	1560	179000	90	Manuelni
Ford	Balajnac	1850	2007	Hečbek	Dizel	1398	220000	68	Manuelni
Peugeot	Novi Beograd	3200	2009	Hečbek	Benzin	1397	114000	95	Manuelni
Mercedes Benz	Kosjerić	2500	2005	Limuzina	Dizel	2148	400000	150	Manuelni
Mitsubishi	Odžaci	920000	1998	Limuzina	Dizel	1870	378000	90	Manuelni
Dacia	Novi Beograd	5490	2014	Limuzina	Benzin	1149	34000	75	Manuelni
Audi	Sremska Mitrovica	36250	2016	Džip/SUV	Dizel	2967	172000	204	Automatski
Opel	Resnik	12200	2020	Limuzina	Benzin + Gas (TNG)	1364	57434	140	Manuelni
Mercedes Benz	Lazarevac	2550	2003	Kupe	Dizel	2148	176000	143	Manuelni
Fiat	Obrenovac	1050	2004	Hečbek	Dizel	1910	222000	116	Manuelni
Fiat	Beograd	950000	2004	Hečbek	Dizel	1910	220000	86	Manuelni
Alfa Romeo	Zvezdara	2390	2007	Karavan	Dizel	1890	290000	150	Automatski
Ford	Beograd	12800	2017	Limuzina	Dizel	1499	122400	120	Manuelni
Volkswagen	Beograd	1500	2001	Hečbek	Benzin	1781	150000	150	Manuelni
Peugeot	Ruma	5600	2012	Hečbek	Dizel	1560	237599	111	Automatski
Volkswagen	Zemun	1900	2002	Hečbek	Benzin	1390	181457	75	Manuelni
Peugeot	Surčin	6450	2012	Hečbek	Dizel	1397	168197	68	Automatski
Peugeot	Zrenjanin	1400	2005	Limuzina	Dizel	1560	305000	109	Manuelni
Fiat	Rumenka	1000	2001	Monovolumen (MiniVan)	Dizel	1910	267000	63	Manuelni
Opel	Beograd	2500	2006	Karavan	Dizel	1910	245500	101	Manuelni
Mercedes Benz	Čačak	3500	1980	Limuzina	Benzin	2000	250000	124	Manuelni
Fiat	Novi Sad	15000	2020	Hečbek	Benzin	1242	17000	69	Automatski
Citroen	Aleksinac	2150	2002	Limuzina	Dizel	1396	300000	72	Manuelni
Volkswagen	Mala Ivanča	1350	2001	Limuzina	Benzin + Gas (TNG)	1781	300000	150	Manuelni
Renault	Beška	1050	2004	Karavan	Benzin	1598	200000	107	Manuelni
Volkswagen	Leskovac	4300	2007	Monovolumen (MiniVan)	Benzin + Metan (CNG)	1984	180313	109	Manuelni
Citroen	Čačak	4950	2011	Karavan	Dizel	1997	222500	163	Automatski
Opel	Batajnica	3500	2010	Monovolumen (MiniVan)	Benzin	1364	190000	90	Manuelni
Ford	Niš	1250	2002	Hečbek	Benzin + Gas (TNG)	1242	220000	75	Manuelni
Audi	Futog	7750	2013	Hečbek	Dizel	1968	199000	150	Manuelni
Opel	Beograd	4100	2009	Karavan	Dizel	1968	250000	131	Manuelni
Mercedes Benz	Novi Sad	5100	2001	Džip/SUV	Dizel	2685	250000	163	Manuelni
Opel	Požarevac	4499	1999	Džip/SUV	Benzin + Gas (TNG)	3165	230000	205	Manuelni
Hyundai	Čukarica	11750	2018	Limuzina	Benzin	1591	93500	128	Manuelni
Audi	Beograd	45700	2020	Limuzina	Hibridni pogon (Benzin)	1998	32694	252	Automatski
BMW	Beograd	1450	2001	Karavan	Dizel	1951	352000	136	Manuelni
UAZ	Vranje	3900	1990	Džip/SUV	Benzin + Gas (TNG)	2445	399495	72	Manuelni
Peugeot	Jagodina	7550	2019	Hečbek	Benzin	1199	162631	82	Manuelni
Volkswagen	Krupanj	2300	2001	Limuzina	Dizel	1896	400000	131	Manuelni
Ford	Loznica	1500	2001	Karavan	Benzin	2500	250000	170	Manuelni
Opel	Selenča	880000	1999	Hečbek	Dizel	1696	23000	82	Manuelni
Alfa Romeo	Beograd	477000	2003	Hečbek	Dizel	1900	230000	109	Manuelni
Audi	Čačak	2300	2002	Limuzina	Benzin	1781	245000	150	Manuelni
Volkswagen	Trstenik	6000	2015	Limuzina	Benzin	1000	144000	95	Manuelni
Fiat	Novi Sad	1250	2002	Hečbek	Benzin + Gas (TNG)	1242	290000	60	Manuelni
Opel	Zrenjanin	16790	2023	Hečbek	Benzin	1199	7000	75	Manuelni
Volkswagen	Žabalj	3900	2006	Hečbek	Dizel	1896	217860	90	Manuelni
Peugeot	Beograd	11800	2019	Džip/SUV	Dizel	1499	176707	102	Manuelni
BMW	Subotica	5500	2005	Limuzina	Benzin + Gas (TNG)	1995	245000	125	Manuelni
Opel	Čačak	2350	2005	Hečbek	Benzin + Gas (TNG)	1598	340027	105	Manuelni
Ford	Futog	3690	2009	Hečbek	Benzin + Gas (TNG)	1388	213000	97	Manuelni
Fiat	Valjevo	1600	2003	Monovolumen (MiniVan)	Dizel	1997	377000	109	Manuelni
Opel	Kragujevac	1170	2001	Hečbek	Benzin + Gas (TNG)	973	156000	58	Manuelni
Opel	Jelav	1050	2001	Limuzina	Dizel	1994	232141	101	Manuelni
Audi	Aleksinac	19999	2019	Limuzina	Dizel	1598	29850	116	Manuelni
Renault	Prokuplje	4250	2011	Limuzina	Benzin	1149	159953	75	Manuelni
Mercedes Benz	Zrenjanin	15500	2015	Limuzina	Dizel	2143	285000	170	Automatski
Mercedes Benz	Mionica (Varošica)	7000	2008	Karavan	Dizel	2148	239282	170	Automatski
Mercedes Benz	Loznica	24999	2017	Limuzina	Dizel	1950	161000	150	Automatski
Volkswagen	Batajnica	15200	2015	Limuzina	Dizel	1968	187000	150	Automatski
Fiat	Sremčica	250000	1998	Hečbek	Benzin	1242	142000	54	Manuelni
Ford	Niš	479000	1990	Hečbek	Benzin	1096	133000	54	Manuelni
Audi	Mladenovac	3000	2004	Hečbek	Dizel	1968	370000	140	Manuelni
Mercedes Benz	Negotin	3990	2007	Limuzina	Dizel	1992	245000	109	Automatski
Mercedes Benz	Lazarevac	2550	2003	Kupe	Dizel	2148	176000	143	Manuelni
Audi	Ribari	5600	2006	Limuzina	Dizel	1968	256000	170	Manuelni
Opel	Subotica	3600	2007	Hečbek	Benzin	1598	240000	116	Manuelni
Volkswagen	Beograd	13850	2019	Hečbek	Dizel	1598	186070	116	Automatski
Audi	Kosjerić	6200	2007	Karavan	Dizel	1968	284321	140	Manuelni
Citroen	Beograd	4690	2009	Karavan	Dizel	1997	185041	140	Manuelni
Citroen	Sremska Kamenica	11490	2019	Hečbek	Benzin	1199	81853	110	Manuelni
Opel	Zrenjanin	730000	1998	Limuzina	Benzin	1199	248874	65	Manuelni
Fiat	Beograd	5450	2012	Hečbek	Benzin	1242	128924	69	Manuelni
Volkswagen	Guča	4400	2005	Hečbek	Dizel	1896	215000	90	Manuelni
Volkswagen	Smederevo	4800	2010	Hečbek	Dizel	1199	181687	75	Manuelni
Škoda	Beograd	2200	2008	Limuzina	Dizel	1896	285000	101	Manuelni
Renault	Beograd	9800	2013	Džip/SUV	Benzin	1197	121000	120	Automatski
BMW	Požarevac	16000	2014	Džip/SUV	Dizel	1995	200280	190	Manuelni
Ford	Šabac	5800	2012	Karavan	Dizel	1560	197000	116	Manuelni
Mercedes Benz	Novi Sad	1500	2006	Hečbek	Dizel	1991	270000	109	Manuelni
Audi	Veternik	5300	2006	Limuzina	Dizel	1968	370000	140	Manuelni
Citroen	Varvarin	3600	2007	Monovolumen (MiniVan)	Dizel	1560	208000	109	Manuelni
Volkswagen	Subotica	5300	2013	Karavan	Benzin	1197	249000	105	Manuelni
Peugeot	Novi Sad	15950	2019	Džip/SUV	Dizel	1499	153138	131	Automatski
Citroen	Knjaževac	2000	2003	Hečbek	Benzin	1360	245000	73	Manuelni
Mercedes Benz	Beograd	1250	2002	Monovolumen (MiniVan)	Dizel	1698	315000	75	Manuelni
Fiat	Novi Sad	850000	2001	Hečbek	Benzin	1242	105000	60	Manuelni
Škoda	Novi Pazar	7800	2008	Limuzina	Dizel	1968	221000	140	Automatski
Renault	Obrenovac	3400	2010	Hečbek	Dizel	1461	346245	86	Manuelni
Škoda	Beograd	7599	2011	Džip/SUV	Benzin	1197	119654	105	Manuelni
Nissan	Niš	5700	2008	Džip/SUV	Dizel	1461	201000	106	Manuelni
Renault	Leskovac	2400	2009	Hečbek	Benzin	1149	230000	101	Manuelni
BMW	Niš	3499	2001	Džip/SUV	Benzin + Gas (TNG)	2979	270000	231	Manuelni
Fiat	Omoljica	2599	2007	Hečbek	Benzin	1242	173278	60	Manuelni
Nissan	Kragujevac	11000	2015	Hečbek	Benzin	1198	169000	120	Manuelni
Citroen	Kraljevo	2899	2006	Hečbek	Benzin	1390	147000	75	Manuelni
Renault	Kraljevo	3099	2007	Hečbek	Benzin	1149	178415	101	Manuelni
Hyundai	Beograd	2700	2008	Limuzina	Dizel	1493	160000	110	Manuelni
Opel	Novi Sad	1550	2001	Karavan	Dizel	1686	370000	75	Manuelni
Alfa Romeo	Gornji Milanovac	1650	2003	Limuzina	Dizel	1900	246259	116	Manuelni
Volkswagen	Putinci	22200	2017	Džip/SUV	Dizel	1968	199000	150	Automatski
BMW	Kragujevac	3800	2005	Karavan	Dizel	1995	268000	150	Manuelni
Renault	Beograd	1499	2002	Hečbek	Dizel	1461	282000	65	Manuelni
Opel	Smederevo	1299	2001	Hečbek	Dizel	1700	285000	75	Manuelni
Nissan	Surčin	6000	2007	Pickup	Dizel	2500	250000	231	Manuelni
Volkswagen	Čačak	750000	1993	Hečbek	Benzin	1800	245000	75	Manuelni
Volkswagen	Apatin	5600	2010	Hečbek	Dizel	1600	239780	105	Manuelni
Audi	Sremska Kamenica	7290	2010	Hečbek	Dizel	1598	185211	105	Manuelni
Renault	Beograd	11999	2021	Hečbek	Benzin	999	72594	67	Manuelni
Ford	Beograd	9999	2017	Limuzina	Benzin	999	102000	125	Manuelni
Opel	Kirchheim Unter Teck	10300	2018	Hečbek	Benzin	1399	166000	150	Automatski
Seat	Ravnje	900000	2000	Monovolumen (MiniVan)	Dizel	1896	223000	116	Manuelni
Subaru	Sevojno	520000	2002	Hečbek	Benzin	1298	121231	86	Manuelni
Volkswagen	Borča	1700	2003	Kabriolet/Roadster	Benzin	1400	215000	95	Manuelni
Fiat	Beograd	1820	2006	Kupe	Benzin	1400	193350	75	Manuelni
Peugeot	Ruma	3390	2009	Hečbek	Dizel	1560	164000	90	Manuelni
Audi	Jagodina	4800	2007	Karavan	Dizel	1968	302445	140	Manuelni
Ford	Novi Bečej	2600	2004	Monovolumen (MiniVan)	Dizel	1560	220000	109	Manuelni
Volkswagen	Beograd	12200	2012	Džip/SUV	Dizel	1968	170000	110	Manuelni
Citroen	Subotica	1299	2001	Hečbek	Benzin	1600	360000	98	Manuelni
Peugeot	Smederevo	2400	2006	Limuzina	Dizel	1560	223000	109	Manuelni
Volkswagen	Blaznava	2000	2001	Hečbek	Dizel	1896	285000	90	Manuelni
Peugeot	Ruma	4800	2010	Monovolumen (MiniVan)	Dizel	1590	183000	109	Automatski
Renault	Subotica	2350	2004	Hečbek	Benzin	1149	126910	75	Manuelni
Opel	Zemun Polje	9900	2017	Limuzina	Benzin	1364	97200	140	Manuelni
Renault	Babušnica	1500	2002	Hečbek	Dizel	1870	287000	101	Manuelni
Mitsubishi	Kraljevo	7399	2011	Džip/SUV	Dizel	1789	176000	150	Manuelni
BMW	Padina	4100	2006	Karavan	Dizel	1995	204000	163	Automatski
Peugeot	Kragujevac	2800	2007	Hečbek	Benzin	1360	166403	88	Manuelni
Fiat	Beograd	350000	2001	Hečbek	Dizel	1910	320000	80	Manuelni
Hyundai	Beograd	2650	2007	Hečbek	Benzin	1399	158000	97	Manuelni
Citroen	Zrenjanin	1350	2002	Monovolumen (MiniVan)	Dizel	1997	293752	90	Manuelni
Fiat	Lazarevac	1200	2003	Hečbek	Benzin + Gas (TNG)	1242	11111	60	Manuelni
Renault	Leskovac	1550	2003	Hečbek	Dizel	1461	216700	82	Manuelni
Smart	Pančevo	2340	2005	Kupe	Benzin	698	25000	75	Automatski
Opel	Trstenik	7300	2015	Karavan	Dizel	1598	243321	136	Automatski
Ford	Sremska Mitrovica	7500	2012	Džip/SUV	Dizel	1997	201500	140	Manuelni
BMW	Palić	7850	2007	Džip/SUV	Dizel	2993	298000	235	Automatski
BMW	Pavliš	2000	2002	Limuzina	Dizel	1951	250000	136	Manuelni
Mercedes Benz	Beograd	39500	2017	Kabriolet/Roadster	Benzin	1991	85000	184	Automatski
Peugeot	Voždovac	1500	2002	Hečbek	Dizel	1398	349883	68	Manuelni
Ford	Ruma	2600	2007	Karavan	Dizel	1560	238700	90	Manuelni
Volvo	Beograd	999000	1994	Limuzina	Benzin + Gas (TNG)	2319	248251	226	Manuelni
Mazda	Obrenovac	5200	2010	Limuzina	Dizel	2184	257600	129	Manuelni
Citroen	Lazarevo	2650	2007	Monovolumen (MiniVan)	Benzin	1587	173526	109	Manuelni
Opel	Smederevska Palanka	4400	2010	Monovolumen (MiniVan)	Benzin	1364	142683	140	Manuelni
Volkswagen	Bačko Novo Selo	4200	2008	Karavan	Dizel	1968	249000	140	Manuelni
Volkswagen	Pančevo	4999	2011	Hečbek	Dizel	1199	220000	75	Manuelni
Fiat	Vršac	3999	2008	Hečbek	Dizel	1248	190933	75	Manuelni
Audi	Niš	17990	2018	Džip/SUV	Dizel	1598	156800	116	Automatski
BMW	Beograd	25000	2020	Hečbek	Benzin	1499	19100	140	Manuelni
Smart	Kragujevac	1600	2003	Kupe	Benzin	698	154721	61	Automatski
Renault	Beograd	13999	2019	Hečbek	Dizel	1461	68060	116	Manuelni
Fiat	Omoljica	2599	2007	Hečbek	Benzin	1242	173278	60	Manuelni
Renault	Obrenovac	3400	2010	Hečbek	Dizel	1461	346245	86	Manuelni
Daewoo	Kraljevo	700000	1998	Limuzina	Benzin	796	235123	50	Manuelni
Renault	Beograd	11300	2015	Džip/SUV	Dizel	1461	210000	110	Automatski
Seat	Beograd	1900	2003	Hečbek	Dizel	1422	195997	75	Manuelni
Alfa Romeo	Zrenjanin	2600	2007	Karavan	Dizel	1910	268000	120	Manuelni
BMW	Kuzmin	4990	2007	Limuzina	Dizel	1995	242500	122	Manuelni
Volkswagen	Kaluđerica	15400	2016	Limuzina	Dizel	1598	294500	120	Manuelni
Hyundai	Beograd	1000	2004	Hečbek	Benzin	1086	231041	63	Manuelni
Renault	Vladimirci	14950	2020	Hečbek	Dizel	1461	159950	116	Manuelni
Renault	Donje Međurovo	500000	1993	Hečbek	Benzin	1171	241072	54	Manuelni
Mercedes Benz	Čačak	12000	2011	Limuzina	Dizel	2145	204000	170	Automatski
Renault	Beograd	1100	2004	Hečbek	Dizel	1461	245200	65	Manuelni
Fiat	Čačak	3650	2009	Hečbek	Benzin	1242	207000	60	Automatski
Renault	Požarevac	1100	2001	Limuzina	Benzin	1800	230000	116	Manuelni
Peugeot	Drenovac	1700	2003	Limuzina	Dizel	2000	227600	107	Manuelni
Zastava	Kragujevac	650000	2006	Limuzina	Benzin + Gas (TNG)	1600	1234	88	Manuelni
Fiat	Požarevac	2950	2009	Hečbek	Benzin	1242	120000	60	Manuelni
Fiat	Zemun	6500	2017	Hečbek	Benzin	1242	33719	69	Manuelni
Volvo	Kruševac	1300	2002	Limuzina	Benzin	1948	247000	163	Manuelni
Volkswagen	Lešnica	2900	2007	Limuzina	Benzin	1390	221600	80	Manuelni
Volkswagen	Novo Selo	5900	2009	Hečbek	Dizel	1968	216000	110	Manuelni
BMW	Kragujevac	11900	2013	Karavan	Dizel	1995	209000	184	Manuelni
Volkswagen	Lapovo (Varošica)	2900	2006	Karavan	Dizel	1968	356000	140	Manuelni
Opel	Smederevska Palanka	750000	2001	Monovolumen (MiniVan)	Benzin + Gas (TNG)	1800	450000	125	Manuelni
Toyota	Niš	4700	2004	Limuzina	Benzin + Gas (TNG)	1482	58600	73	Automatski
Peugeot	Aranđelovac	2850	2007	Karavan	Dizel	1560	185000	90	Manuelni
Peugeot	Požega	3800	2009	Karavan	Dizel	1560	251000	109	Manuelni
Opel	Kragujevac	1799	2003	Hečbek	Benzin	998	155293	60	Manuelni
Mercedes Benz	Kragujevac	2199	2000	Limuzina	Benzin	1998	267300	163	Manuelni
Fiat	Subotica	2600	2007	Hečbek	Dizel	1248	243000	75	Manuelni
Audi	Futog	9000	2010	Karavan	Dizel	2967	314000	239	Manuelni
Kia	Obrenovac	6300	2014	Hečbek	Benzin	1591	201000	136	Manuelni
Peugeot	Kragujevac	2250	2006	Hečbek	Benzin	1360	170823	73	Automatski
Mercedes Benz	Topola	1350	2002	Limuzina	Dizel	2200	270500	143	Automatski
Alfa Romeo	Obrenovac	3599	2009	Kupe	Dizel	1225	223000	90	Manuelni
Opel	Sombor	2900	2007	Monovolumen (MiniVan)	Benzin	1364	187345	90	Manuelni
Toyota	Zlatibor	1150	1989	Hečbek	Benzin	1300	254254	75	Manuelni
Audi	Užice	3350	2002	Karavan	Dizel	1896	213000	131	Manuelni
BMW	Zemun	11400	2012	Limuzina	Dizel	1995	221000	184	Automatski
BMW	Surčin	3600	2009	Hečbek	Dizel	1995	330110	143	Manuelni
Mercedes Benz	Beograd	12500	2017	Hečbek	Dizel	2143	100000	136	Manuelni
Volkswagen	Kraljevo	2000	2003	Karavan	Dizel	1896	263525	101	Manuelni
Seat	Vranje	1350	2002	Kupe	Benzin	1198	245875	64	Manuelni
Volkswagen	Subotica	10500	2012	Monovolumen (MiniVan)	Dizel	1968	260000	140	Manuelni
Volkswagen	Mladenovac	6800	2010	Hečbek	Dizel	1598	174500	105	Manuelni
Škoda	Inđija	13800	2018	Limuzina	Dizel	2000	125000	189	Automatski
Audi	Niš	5100	2005	Limuzina	Benzin	1595	190912	102	Manuelni
Mercedes Benz	Beograd	12500	2017	Hečbek	Dizel	2143	100000	136	Manuelni
Renault	Niš	1650	2003	Monovolumen (MiniVan)	Dizel	1461	200596	65	Manuelni
Opel	Topola	599000	2001	Karavan	Dizel	1995	270500	82	Manuelni
Ford	Vladičin Han	8150	2010	Džip/SUV	Dizel	1997	198765	140	Automatski
Renault	Požarevac	2300	2005	Monovolumen (MiniVan)	Benzin	1149	143250	75	Manuelni
Renault	Pančevo	1650	2004	Karavan	Dizel	1870	222000	120	Manuelni
Fiat	Kragujevac	4000	2009	Hečbek	Dizel	1248	204600	75	Manuelni
Audi	Petrovac Na Mlavi	1900	1996	Limuzina	Benzin	1800	209000	150	Manuelni
Ford	Novi Sad	650000	1996	Hečbek	Benzin	1100	61000	50	Manuelni
Fiat	Lajkovac (Varoš)	2950	2009	Pickup	Dizel	1300	140000	80	Manuelni
Citroen	Beograd	1200	2003	Monovolumen (MiniVan)	Dizel	1997	275000	90	Manuelni
Fiat	Novi Beograd	2170	2010	Hečbek	Benzin + Gas (TNG)	1242	122857	60	Manuelni
Opel	Subotica	5100	2011	Hečbek	Benzin	1598	183448	116	Manuelni
Fiat	Apatin	4100	2012	Hečbek	Dizel	1248	198000	83	Manuelni
Volkswagen	Barajevo	3600	2008	Karavan	Dizel	1896	213793	105	Manuelni
Opel	Trstenik	1490	2001	Kupe	Benzin	998	231233	60	Manuelni
Mercedes Benz	Vračar	18000	2016	Monovolumen (MiniVan)	Benzin	1991	186000	184	Automatski
Peugeot	Ub	900000	1999	Hečbek	Benzin	1124	244000	60	Manuelni
Audi	Prijepolje	4400	2006	Hečbek	Dizel	1896	248886	105	Manuelni
Jeep	Aranđelovac	8800	2008	Džip/SUV	Dizel	1968	143185	140	Manuelni
Škoda	Barajevo	2200	2007	Hečbek	Benzin	1390	259641	86	Manuelni
Kia	Niš	899000	1000	Hečbek	Benzin + Gas (TNG)	1329	171000	64	Manuelni
Mercedes Benz	Kragujevac	10990	2015	Monovolumen (MiniVan)	Dizel	1461	245700	109	Manuelni
Škoda	Beograd	1499	2004	Hečbek	Benzin	1198	255000	54	Manuelni
Fiat	Novi Sad	3500	2007	Džip/SUV	Dizel	1910	163000	120	Manuelni
Lancia	Bačka Topola	2000	2008	Hečbek	Dizel	1956	205000	165	Manuelni
Renault	Blace	2300	2005	Hečbek	Benzin	1390	184200	98	Manuelni
Opel	Loznica	2300	2007	Karavan	Dizel	1300	303000	90	Manuelni
Peugeot	Beograd	2700	2007	Hečbek	Benzin + Gas (TNG)	1598	216000	120	Manuelni
Ford	Beograd	1300	2002	Karavan	Dizel	1753	243981	90	Manuelni
Zastava	Valjevo	1000	2005	Limuzina	Benzin	1100	79800	54	Manuelni
Peugeot	Zvezd	1500	2001	Hečbek	Dizel	1400	225000	90	Manuelni
Opel	Trstenik	7300	2015	Karavan	Dizel	1598	243321	136	Automatski
Volkswagen	Bajina Bašta	850000	1991	Hečbek	Dizel	1600	350000	80	Manuelni
Audi	Lazarevac	3000	2002	Limuzina	Dizel	1896	365000	131	Manuelni
Audi	Beograd	43900	2022	Džip/SUV	Dizel	1968	5000	150	Automatski
Škoda	Beograd	19900	2018	Karavan	Dizel	1968	126000	150	Automatski
Seat	Lukićevo	600000	2000	Hečbek	Dizel	1896	10000	64	Manuelni
Alfa Romeo	Banovo Brdo	1000	2005	Hečbek	Benzin + Gas (TNG)	1598	235444	105	Manuelni
Volkswagen	Blace	3750	2007	Hečbek	Benzin	1390	223000	140	Manuelni
BMW	Novi Sad	4100	2006	Limuzina	Benzin	1995	212000	129	Manuelni
Škoda	Kragujevac	22500	2019	Hečbek	Dizel	1968	177214	150	Automatski
Ford	Beograd	2500	2008	Hečbek	Dizel	1399	180000	68	Manuelni
Škoda	Zemun	7999	2018	Hečbek	Benzin	999	138018	75	Manuelni
Suzuki	Voždovac	3100	1988	Džip/SUV	Benzin + Gas (TNG)	1324	96500	64	Manuelni
Audi	Zemun	19300	2016	Limuzina	Dizel	1968	309000	190	Automatski
Renault	Beograd	13999	2020	Hečbek	Dizel	1461	78256	95	Manuelni
Fiat	Obrenovac	2700	2007	Hečbek	Benzin	1368	201000	77	Manuelni
Ford	Zvezdara	16490	2019	Džip/SUV	Dizel	1997	169700	150	Automatski
Renault	Beograd	8690	2017	Hečbek	Dizel	1461	165000	75	Manuelni
Peugeot	Novi Sad	1250	2002	Hečbek	Benzin	1124	180206	60	Manuelni
Ford	Novi Sad	2850	2007	Hečbek	Dizel	1399	215000	68	Manuelni
Mazda	Banatsko Novo Selo	3350	2007	Hečbek	Dizel	1560	261029	109	Manuelni
Opel	Obrenovac	1950	2006	Hečbek	Dizel	1248	200000	69	Manuelni
Volkswagen	Kruševac	2000	2002	Limuzina	Dizel	1896	350000	101	Manuelni
Alfa Romeo	Novi Sad	600000	2001	Hečbek	Benzin + Gas (TNG)	1598	111111	105	Manuelni
Fiat	Topola	550000	2001	Karavan	Dizel	1910	11111	110	Manuelni
Ford	Beograd	4000	2008	Karavan	Dizel	1997	290000	140	Manuelni
Opel	Beograd	5600	2012	Karavan	Dizel	1956	231565	160	Automatski
BMW	Novi Beograd	3900	2007	Hečbek	Dizel	1995	215000	143	Manuelni
Zastava	Surčin	1700	2008	Limuzina	Benzin + Gas (TNG)	1116	39000	54	Manuelni
Opel	Čortanovci	2850	2008	Hečbek	Dizel	1248	218000	75	Manuelni
Opel	Topola	600000	2001	Hečbek	Benzin	1598	220553	84	Manuelni
Volkswagen	Beograd	6000	2010	Karavan	Benzin + Metan (CNG)	1390	226064	150	Manuelni
Volkswagen	Vrbas	2000	2006	Hečbek	Dizel	1896	273000	105	Manuelni
Audi	Novi Beograd	35500	2020	Limuzina	Hibridni pogon (Dizel)	2967	152000	286	Automatski
Citroen	Jagodina	9250	2018	Hečbek	Dizel	1499	145055	102	Manuelni
Volkswagen	Kruševac	1100	1989	Limuzina	Benzin	1300	200000	75	Manuelni
Audi	Novi Sad	31490	2020	Hečbek	Dizel	1968	71000	150	Automatski
Peugeot	Kragujevac	1900	2002	Hečbek	Benzin + Gas (TNG)	1587	266000	109	Manuelni
Nissan	Zemun	7300	2010	Džip/SUV	Dizel	1461	194234	110	Manuelni
Renault	Kumane	1200	2002	Hečbek	Dizel	1461	215000	65	Manuelni
Alfa Romeo	Beograd	15950	2017	Limuzina	Dizel	2143	179543	179	Manuelni
Volkswagen	Kragujevac	7500	2012	Monovolumen (MiniVan)	Benzin + Metan (CNG)	1400	189000	150	Manuelni
Opel	Beograd	6800	2012	Hečbek	Dizel	1956	270000	131	Manuelni
Renault	Kruševac	4350	2010	Monovolumen (MiniVan)	Dizel	1461	227000	110	Manuelni
Opel	Obrež	650000	1999	Karavan	Dizel	1700	35000	68	Manuelni
Mitsubishi	Sokobanja	4500	1997	Džip/SUV	Dizel	2477	45120	99	Manuelni
BMW	Beograd	5600	2007	Džip/SUV	Dizel	1995	218000	150	Manuelni
Daihatsu	Lazarevac	1700	2008	Hečbek	Benzin	998	217000	68	Manuelni
Seat	Vrbas	1290	2000	Hečbek	Benzin	1390	196000	60	Manuelni
Citroen	Beograd	990000	2001	Hečbek	Benzin	1587	329000	109	Manuelni
Renault	Beograd	7650	2017	Hečbek	Dizel	1461	125405	75	Manuelni
BMW	Kraljevo	3999	2002	Džip/SUV	Dizel	2926	331000	184	Automatski
Volkswagen	Subotica	14000	2018	Karavan	Dizel	1968	202000	150	Automatski
Seat	Beograd	1100	2001	Hečbek	Dizel	1896	350000	68	Manuelni
Toyota	Subotica	6600	2010	Hečbek	Benzin	1598	189000	132	Manuelni
Mitsubishi	Beograd	1600	2004	Monovolumen (MiniVan)	Benzin	1584	208963	98	Manuelni
Ford	Smederevska Palanka	2100	2003	Limuzina	Benzin	1798	187500	110	Manuelni
Volkswagen	Gornji Milanovac	13900	2016	Limuzina	Dizel	1598	260850	120	Automatski
Volkswagen	Altina	2100	2002	Karavan	Dizel	1896	370000	131	Manuelni
Citroen	Užice	599000	2001	Hečbek	Benzin	1124	123456	60	Manuelni
Peugeot	Ćuprija	1150	2001	Karavan	Benzin + Gas (TNG)	1761	281000	110	Manuelni
BMW	Beograd	1100	2002	Karavan	Dizel	2000	250000	150	Automatski
Škoda	Paraćin	3150	2008	Hečbek	Benzin	1390	195000	86	Manuelni
Citroen	Beograd	8650	2018	Hečbek	Benzin	1199	72768	82	Manuelni
Fiat	Vranje	1900	2006	Hečbek	Dizel	1248	203212	69	Manuelni
BMW	Beograd	17300	2019	Džip/SUV	Dizel	1995	140268	150	Automatski
Volkswagen	Bačko Gradište	3600	2004	Hečbek	Dizel	1896	188500	105	Manuelni
Nissan	Požega	4500	2004	Džip/SUV	Dizel	2184	222500	136	Manuelni
BMW	Inđija	62999	2019	Džip/SUV	Dizel	2993	141500	400	Automatski
Volkswagen	Dimitrovgrad	2300	2006	Karavan	Dizel	1968	300000	140	Automatski
Fiat	Beograd	1700	2003	Hečbek	Dizel	1248	173820	69	Manuelni
Mercedes Benz	Novi Pazar	31500	2019	Limuzina	Dizel	1950	168810	194	Automatski
Citroen	Beograd	10999	2019	Hečbek	Benzin	1199	116415	110	Manuelni
Škoda	Beograd	10499	2015	Karavan	Dizel	1598	120150	105	Manuelni
Land	Kruševac	20500	2016	Džip/SUV	Dizel	1999	181735	150	Automatski
Mercedes Benz	Šabac	3200	2003	Limuzina	Dizel	2193	502689	150	Automatski
Mazda	Beograd	2300	2004	Limuzina	Dizel	1998	212551	121	Manuelni
Ford	Mladenovac	6750	2013	Limuzina	Dizel	1560	205000	105	Manuelni
Škoda	Batajnica	13850	2019	Hečbek	Dizel	1598	105000	116	Manuelni
Mitsubishi	Beograd	15500	2018	Džip/SUV	Benzin	1590	29000	117	Manuelni
Škoda	Valjevo	4500	2010	Karavan	Dizel	1598	290000	105	Manuelni
Mercedes Benz	Valjevo	1350	2002	Limuzina	Dizel	1700	214253	95	Automatski
Mercedes Benz	Ruma	4750	2010	Monovolumen (MiniVan)	Dizel	1991	256370	109	Manuelni
Chevrolet	Smederevo	1450	2008	Limuzina	Dizel	1991	152000	150	Automatski
Škoda	Sombor	19900	2019	Karavan	Benzin	1984	150000	190	Automatski
Audi	Nova Pazova	5000	2006	Limuzina	Dizel	2698	250000	179	Automatski
Smart	Barajevo	1550	2002	Kupe	Benzin	700	159459	60	Automatski
Audi	Ripanj	2900	2003	Karavan	Dizel	1896	420000	131	Manuelni
Seat	Mistelbach	2500	2007	Monovolumen (MiniVan)	Dizel	1896	399383	116	Manuelni
Peugeot	Jagodina	8450	2017	Hečbek	Dizel	1560	114066	75	Manuelni
Mercedes Benz	Beograd	39500	2017	Kabriolet/Roadster	Benzin	1991	85000	184	Automatski
Mercedes Benz	Niš	12500	2017	Hečbek	Dizel	1461	133000	109	Manuelni
Renault	Sombor	3199	2008	Hečbek	Benzin	1149	199678	101	Manuelni
Zastava	Babušnica	450000	1950	Hečbek	Benzin	903	66800	45	Manuelni
Opel	Sombor	3750	2009	Hečbek	Dizel	1248	189160	90	Manuelni
Renault	Beograd	12499	2017	Monovolumen (MiniVan)	Dizel	1461	189999	110	Automatski
Opel	Gospođinci	1100	2003	Karavan	Dizel	1686	320000	75	Manuelni
Volkswagen	Zrenjanin	1400	2001	Hečbek	Benzin	1390	213000	60	Manuelni
Renault	Karaburma	1100	2004	Hečbek	Dizel	1461	247000	65	Manuelni
Seat	Gornji Milanovac	3550	2010	Karavan	Dizel	1199	177850	75	Manuelni
BMW	Niš	4200	2006	Hečbek	Dizel	1995	230909	122	Manuelni
Škoda	Beograd	12199	2019	Hečbek	Dizel	1598	153883	116	Manuelni
Ford	Obrenovac	4300	2008	Karavan	Dizel	1997	230000	140	Automatski
Opel	Novi Sad	3799	2010	Hečbek	Dizel	1258	176400	95	Manuelni
Citroen	Vračar	4400	2009	Monovolumen (MiniVan)	Benzin	1360	146000	75	Manuelni
BMW	Batajnica	21000	2018	Karavan	Dizel	1995	220000	190	Automatski
Opel	Svilajnac	3150	2003	Karavan	Dizel	1995	297300	101	Manuelni
Citroen	Kraljevo	10500	2020	Hečbek	Dizel	1499	206000	102	Manuelni
Hyundai	Beograd	2600	2008	Hečbek	Benzin + Gas (TNG)	1399	195000	97	Manuelni
Škoda	Smederevo	14500	2015	Hečbek	Dizel	1968	220000	190	Manuelni
Fiat	Loznica	800000	2002	Hečbek	Benzin + Gas (TNG)	1596	300000	103	Manuelni
Land	Beograd	17900	2017	Džip/SUV	Dizel	1998	148000	150	Manuelni
Zastava	Kragujevac	650000	2007	Hečbek	Benzin + Gas (TNG)	1100	16000	75	Manuelni
Mercedes Benz	Kruševac	49990	2022	Džip/SUV	Dizel	1950	27020	194	Automatski
Fiat	Kragujevac	1550	2006	Hečbek	Dizel	1248	280000	69	Manuelni
Renault	Malo Crniće	3500	2009	Hečbek	Dizel	1461	256000	90	Manuelni
Fiat	Bor	3200	2007	Hečbek	Benzin	1368	167500	95	Manuelni
Škoda	Vrčin	11900	2018	Hečbek	Dizel	1598	116000	110	Manuelni
Fiat	Čačak	3650	2009	Hečbek	Benzin	1242	207000	60	Automatski
BMW	Palilula	3400	2005	Limuzina	Dizel	1995	237000	163	Manuelni
Renault	Zaječar	1950	2005	Limuzina	Dizel	1486	246468	65	Manuelni
Volkswagen	Gornja Vranjska	1650	2001	Karavan	Dizel	1896	289896	131	Manuelni
Renault	Zemun	3700	2010	Hečbek	Benzin + Gas (TNG)	1598	212000	110	Manuelni
Citroen	Niš	1399	2001	Hečbek	Benzin + Gas (TNG)	1587	221000	109	Manuelni
Renault	Šabac	1300	2004	Karavan	Dizel	1461	159600	101	Manuelni
Toyota	Niš	7000	2008	Džip/SUV	Dizel	2231	216000	136	Manuelni
Ford	Apatin	1900	2003	Hečbek	Benzin	1299	192369	69	Manuelni
Volkswagen	Čelarevo	600000	2003	Hečbek	Benzin	1390	290000	75	Manuelni
Hyundai	Pećinci	3650	2010	Hečbek	Benzin	1248	138300	77	Manuelni
Nissan	Zemun	7300	2010	Džip/SUV	Dizel	1461	194234	110	Manuelni
Volkswagen	Kraljevo	5550	2010	Karavan	Dizel	1598	200200	105	Manuelni
Toyota	Beograd	2999	2006	Hečbek	Benzin	998	220000	69	Manuelni
Mazda	Niš	14499	2015	Džip/SUV	Benzin	1998	135000	120	Manuelni
Peugeot	Beograd	5400	2012	Hečbek	Benzin	1199	199999	82	Manuelni
Land	Petrovaradin	14300	2011	Džip/SUV	Dizel	2993	151000	245	Automatski
Volkswagen	Leskovac	1300	1997	Limuzina	Benzin + Gas (TNG)	1597	120504	75	Manuelni
Kia	Čačak	3700	2008	Karavan	Benzin + Gas (TNG)	1591	262680	118	Manuelni
Opel	Obrenovac	2200	2008	Hečbek	Dizel	1248	304107	90	Manuelni
Peugeot	Sombor	15950	2017	Džip/SUV	Dizel	1560	159628	120	Automatski
Mercedes Benz	Novi Pazar	300000	2001	Hečbek	Dizel	1689	2000	95	Manuelni
Škoda	Kragujevac	14800	2018	Karavan	Dizel	1968	215000	150	Automatski
BMW	Kragujevac	8100	2010	Džip/SUV	Dizel	1995	224500	177	Manuelni
Subaru	Vršac	2800	2003	Džip/SUV	Benzin	1994	185000	125	Manuelni
Hyundai	Sjenica	1999	2002	Džip/SUV	Dizel	1991	278000	113	Manuelni
Volkswagen	Kraljevo	3799	2007	Hečbek	Benzin + Gas (TNG)	1595	227000	102	Manuelni
Volkswagen	Zemun	999000	1991	Limuzina	Dizel	1600	380000	60	Manuelni
Volkswagen	Beograd	13750	2015	Limuzina	Dizel	1598	178670	120	Automatski
Mercedes Benz	Kovin	27500	2016	Džip/SUV	Dizel	2200	300000	170	Automatski
Audi	Subotica	3599	2006	Hečbek	Benzin	1595	264776	102	Manuelni
Opel	Beograd	4199	2013	Monovolumen (MiniVan)	Benzin + Metan (CNG)	1598	224000	150	Manuelni
Citroen	Rača	5800	2011	Hečbek	Dizel	1560	187391	111	Manuelni
BMW	Sombor	4300	2007	Limuzina	Benzin	1995	212201	143	Manuelni
Volkswagen	Železnik	7000	2010	Hečbek	Dizel	1968	250000	170	Manuelni
Renault	ZEMUN	8500	2016	Hečbek	Benzin	1149	62000	73	Manuelni
Fiat	Gornje Međurovo	3350	2009	Monovolumen (MiniVan)	Dizel	1248	204240	84	Manuelni
Peugeot	Sombor	2904	2010	Hečbek	Benzin	1360	173700	75	Manuelni
Renault	Beograd	11999	2021	Hečbek	Benzin	999	72334	67	Manuelni
Peugeot	Kać	4699	2010	Monovolumen (MiniVan)	Dizel	1560	234950	109	Manuelni
Seat	Niš	1500	2003	Hečbek	Benzin	1390	212293	75	Manuelni
Volkswagen	Zemun	3750	2004	Kupe	Dizel	2000	250000	139	Manuelni
Škoda	Dobanovci	2850	2004	Hečbek	Benzin	1595	190000	102	Manuelni
Zastava	Apatin	750000	2008	Pickup	Benzin + Gas (TNG)	1116	80000	54	Manuelni
Opel	Ub	999000	2001	Hečbek	Benzin	1199	192000	75	Manuelni
Renault	Novi Sad	15550	2019	Džip/SUV	Dizel	1461	111980	116	Automatski
Volkswagen	Srbobran	2300	2005	Hečbek	Dizel	1896	210897	64	Manuelni
Mercedes Benz	Dupljaj	2200	2001	Limuzina	Dizel	2148	460709	143	Automatski
Audi	Veternik	4590	2005	Limuzina	Dizel	1900	210555	105	Manuelni
Toyota	Požarevac	6200	2005	Džip/SUV	Dizel	1995	253000	116	Manuelni
BMW	Šabac	2250	2006	Limuzina	Dizel	1998	222222	163	Manuelni
Peugeot	Lazarevac	1450	2002	Karavan	Dizel	1398	289148	68	Manuelni
Land	Bač	3000	2001	Džip/SUV	Dizel	1950	223112	111	Manuelni
Volkswagen	Kragujevac	3000	2006	Hečbek	Benzin	1598	193289	116	Manuelni
Citroen	Mladenovac	1350	2001	Monovolumen (MiniVan)	Benzin + Gas (TNG)	1749	305675	116	Manuelni
Mitsubishi	Bastav	2800	1993	Džip/SUV	Dizel	2500	213211	92	Manuelni
Škoda	Beograd	14900	2017	Hečbek	Dizel	1968	177775	150	Manuelni
Peugeot	Ruma	650000	2003	Hečbek	Dizel	1997	260000	90	Manuelni
Renault	Beograd	1000	2005	Monovolumen (MiniVan)	Dizel	1461	220000	65	Manuelni
Ford	Loznica	8498	2011	Džip/SUV	Dizel	1997	215000	140	Manuelni
Citroen	Beograd	1200	2006	Hečbek	Benzin + Gas (TNG)	1587	270000	109	Manuelni
Kia	Beograd	19700	2018	Džip/SUV	Dizel	1685	111000	116	Manuelni
Nissan	Novi Sad	13000	2014	Džip/SUV	Dizel	1598	248150	131	Manuelni
Fiat	Beograd	12500	2016	Džip/SUV	Dizel	1956	178000	170	Automatski
Peugeot	Karaburma	10500	2018	Hečbek	Dizel	1499	140000	131	Manuelni
Peugeot	Beograd	1400	2002	Limuzina	Dizel	1997	404362	90	Manuelni
Citroen	Velika Plana	850000	2001	Kupe	Benzin	1100	276000	60	Manuelni
Peugeot	Požega	3800	2009	Karavan	Dizel	1560	251000	109	Manuelni
Volkswagen	Novi Sad	10990	2014	Hečbek	Dizel	1598	93000	105	Manuelni
Alfa Romeo	Čukarica	1500	2005	Hečbek	Dizel	1910	280000	150	Manuelni
Ford	Beograd	4100	2011	Hečbek	Benzin	1242	102500	69	Manuelni
Peugeot	Velika Plana	2900	2009	Karavan	Dizel	1560	195000	109	Manuelni
Renault	Niš	1250	2003	Hečbek	Benzin	1149	264884	75	Manuelni
Zastava	Brus	550000	2000	Limuzina	Benzin	1100	75000	55	Manuelni
Nissan	Novi Sad	4900	2004	Džip/SUV	Dizel	2184	170000	136	Manuelni
Audi	Futog	14999	2014	Karavan	Dizel	1968	188579	190	Automatski
Peugeot	Novi Kneževac	1800	2004	Hečbek	Benzin	1360	225000	75	Manuelni
Fiat	Stara Pazova	1390	2003	Hečbek	Benzin	1242	197308	60	Manuelni
Volkswagen	Bački Brestovac	850000	1987	Hečbek	Dizel	1600	9999	54	Manuelni
Alfa Romeo	Novi Beograd	2800	2008	Karavan	Dizel	1910	305000	120	Manuelni
Toyota	Raška	5000	2003	Džip/SUV	Dizel	1995	205000	116	Manuelni
Volkswagen	Arilje	2700	2005	Limuzina	Benzin	1390	202000	75	Manuelni
Opel	Lazarevac	17500	2020	Hečbek	Dizel	1956	97639	170	Automatski
Renault	Valjevo	2450	2007	Hečbek	Benzin	1149	166000	75	Manuelni
Opel	Čačak	3300	2007	Karavan	Dizel	1910	177660	120	Manuelni
Peugeot	Lazarevac	2200	2004	Hečbek	Dizel	1997	273000	107	Manuelni
Mercedes Benz	Zrenjanin	40000	2011	Kabriolet/Roadster	Benzin	5461	84000	387	Automatski
Kia	Zrenjanin	4100	2007	Džip/SUV	Dizel	1991	246000	140	Manuelni
Honda	Negotin	6700	2011	Hečbek	Dizel	2204	234000	140	Manuelni
Volkswagen	Klenje	550000	1996	Karavan	Dizel	1900	457000	75	Manuelni
Renault	Vrbas	400000	2001	Monovolumen (MiniVan)	Dizel	1870	234554	80	Manuelni
Ford	Voždovac	3600	2007	Hečbek	Benzin	1388	72000	79	Manuelni
Suzuki	Batajnica	850000	2005	Hečbek	Benzin	800	95600	35	Manuelni
Renault	Novi Sad	16350	2019	Džip/SUV	Dizel	1461	79011	116	Automatski
Volkswagen	Zrenjanin	1200	2001	Hečbek	Benzin	1390	186700	60	Manuelni
Mercedes Benz	Niš	30950	2018	Džip/SUV	Dizel	2143	207230	204	Automatski
BMW	Donji Komren	17800	2008	Limuzina	Dizel	2993	270000	287	Automatski
Hyundai	Blaznava	4500	2006	Džip/SUV	Dizel	1991	314804	140	Manuelni
Citroen	Kraljevo	2899	2006	Hečbek	Benzin	1390	147000	75	Manuelni
Audi	Loznica	21500	2015	Džip/SUV	Dizel	1968	119131	190	Automatski
BMW	Užice	7300	2010	Limuzina	Dizel	1998	252350	116	Manuelni
Ford	Beograd	2899	2009	Hečbek	Dizel	1399	263000	68	Manuelni
Peugeot	Niš	2800	2006	Limuzina	Dizel	1560	225000	109	Manuelni
Renault	Vladimirci	14950	2020	Hečbek	Dizel	1461	159950	116	Manuelni
Mercedes Benz	Čačak	900000	2000	Hečbek	Benzin	1898	305500	125	Automatski
Suzuki	Beograd	2950	2006	Hečbek	Benzin	1328	150181	92	Manuelni
Renault	Kljajićevo	1500	2004	Hečbek	Dizel	1900	212121	120	Manuelni
Volkswagen	Voždovac	5000	2007	Hečbek	Dizel	1896	252133	105	Manuelni
Volkswagen	Kruševac	3900	2006	Monovolumen (MiniVan)	Benzin	1390	262000	140	Manuelni
Mercedes Benz	Sombor	4200	2005	Karavan	Dizel	3222	253056	177	Automatski
Ford	Subotica	6000	2015	Hečbek	Dizel	1560	97000	95	Manuelni
Ford	Zemun	1200	2005	Hečbek	Dizel	1398	245000	68	Manuelni
Renault	Beograd	14999	2021	Hečbek	Dizel	1461	105917	116	Manuelni
BMW	Aranđelovac	6500	2008	Kupe	Dizel	1995	265000	177	Automatski
Volkswagen	Stanišić	12600	2015	Karavan	Dizel	1968	270000	150	Manuelni
Peugeot	Inđija	14500	2017	Džip/SUV	Dizel	1560	250000	120	Automatski
Audi	Bačinac	2100	2003	Monovolumen (MiniVan)	Dizel	1422	362000	75	Manuelni
Audi	Niš	7700	2008	Limuzina	Dizel	1968	185264	143	Manuelni
BMW	Kanjiža	6000	2009	Limuzina	Dizel	1995	245000	177	Automatski
Peugeot	Srbobran	2000	2001	Hečbek	Dizel	1997	221000	90	Manuelni
Fiat	Novi Beograd	12500	2018	Limuzina	Benzin	1400	26875	95	Manuelni
Peugeot	Smederevo	3101	2008	Hečbek	Benzin	1397	108000	95	Manuelni
Volkswagen	Kragujevac	1000	2000	Hečbek	Benzin	1598	300000	125	Manuelni
Citroen	Čačak	2300	2003	Kabriolet/Roadster	Benzin	1360	210000	73	Manuelni
Fiat	Beograd	5450	2012	Hečbek	Benzin	1242	128924	69	Manuelni
Opel	Niš	2950	2007	Hečbek	Benzin	1598	167000	116	Manuelni
Mercedes Benz	Šabac	5250	2006	Karavan	Dizel	2148	194500	150	Automatski
Audi	Kruševac	2950	2003	Hečbek	Dizel	1422	191000	75	Manuelni
Opel	Prijepolje	1300	2000	Limuzina	Dizel	1995	250000	82	Manuelni
Toyota	Mirijevo	9900	2017	Hečbek	Benzin	1329	105500	99	Manuelni
Fiat	Kraljevo	900000	2004	Karavan	Benzin	1747	221000	133	Manuelni
Audi	Novi Beograd	19800	2019	Džip/SUV	Dizel	1598	56000	116	Automatski
Renault	Veternik	16799	2019	Džip/SUV	Dizel	1461	60500	116	Manuelni
Audi	Kruševac	2200	2002	Limuzina	Dizel	1896	299844	131	Manuelni
Renault	Beograd	900000	2003	Hečbek	Dizel	1461	250000	82	Manuelni
Volkswagen	Niš	2600	2001	Limuzina	Dizel	1896	288000	131	Manuelni
Fiat	Požarevac	3200	2010	Hečbek	Dizel	1248	210000	84	Manuelni
Opel	Zrenjanin	16790	2023	Hečbek	Benzin	1199	7000	75	Manuelni
BMW	Novi Beograd	3900	2007	Hečbek	Dizel	1995	215000	143	Manuelni
Renault	Kovin	15299	2019	Limuzina	Dizel	1997	191000	160	Automatski
Audi	Novi Sad	8000	2011	Karavan	Dizel	1968	217000	120	Manuelni
Volkswagen	Ćuprija	750000	1991	Limuzina	Benzin	1800	236000	90	Manuelni
Opel	Lučani (Varošica)	2600	2005	Hečbek	Dizel	1686	248057	101	Manuelni
Fiat	Kikinda	1000	2002	Hečbek	Dizel	1900	210000	60	Manuelni
Toyota	Niš	2950	2005	Hečbek	Benzin	998	62174	65	Manuelni
Citroen	Borča	2550	2005	Kupe	Benzin	1600	152939	109	Automatski
Fiat	Crepaja	1000	2002	Limuzina	Benzin	1242	240000	60	Manuelni
Renault	Palilula	15400	2020	Džip/SUV	Benzin	1332	92000	140	Manuelni
Mercedes Benz	Beograd	1200	2002	Hečbek	Dizel	1689	266000	95	Manuelni
Renault	Beograd	12499	2018	Limuzina	Dizel	1461	127040	110	Manuelni
Volkswagen	Zrenjanin	10500	2019	Hečbek	Benzin	999	110000	65	Manuelni
MINI	Kraljevo	3300	2008	Hečbek	Benzin	1397	240000	95	Manuelni
Audi	Vrbas	2900	2003	Limuzina	Benzin + Gas (TNG)	1781	322357	163	Manuelni
MINI	Niš	3299	2004	Hečbek	Benzin	1598	233000	90	Manuelni
Renault	Novi Sad	1200	2003	Hečbek	Dizel	1461	250123	65	Manuelni
Volkswagen	Lazarevac	2150	2000	Hečbek	Dizel	1896	310000	101	Manuelni
Fiat	Futog	4690	2012	Hečbek	Benzin + Gas (TNG)	1368	83400	90	Manuelni
Volkswagen	Zemun	5300	2010	Karavan	Dizel	1968	355000	110	Manuelni
Fiat	Beograd	600000	2003	Hečbek	Benzin + Gas (TNG)	1242	200000	60	Manuelni
Citroen	Beograd	4690	2009	Karavan	Dizel	1997	185041	140	Manuelni
Fiat	Perlez	5500	2012	Hečbek	Dizel	1996	154000	125	Manuelni
Fiat	Novi Beograd	900000	2004	Hečbek	Benzin	1242	377600	80	Manuelni
Opel	Zrenjanin	3400	2007	Hečbek	Benzin	1364	193655	90	Manuelni
Opel	Busije	1250	2002	Monovolumen (MiniVan)	Dizel	1995	337000	101	Manuelni
Renault	Pančevo	900000	2001	Hečbek	Benzin	1390	241000	95	Manuelni
Ford	Beograd	450000	2002	Karavan	Dizel	1997	222222	117	Manuelni
Citroen	Beograd	2000	2003	Hečbek	Benzin	1124	140000	60	Manuelni
Volvo	Beograd	16000	2011	Džip/SUV	Dizel	2400	148000	200	Automatski
Nissan	Vršac	9600	2009	Džip/SUV	Dizel	2500	180000	171	Automatski
Peugeot	Čačak	3700	2010	Hečbek	Benzin	1360	184000	75	Manuelni
Ford	Novi Sad	1750	2005	Hečbek	Benzin	1299	242000	69	Manuelni
Citroen	Vrnjačka Banja	3199	2008	Limuzina	Benzin	1124	165788	60	Manuelni
Alfa Romeo	Veliko Gradište	3200	2008	Hečbek	Dizel	1598	224500	120	Manuelni
Suzuki	Paraćin	5500	2002	Džip/SUV	Dizel	1997	232124	109	Automatski
BMW	Kragujevac	2550	2001	Limuzina	Dizel	1951	212507	136	Manuelni
Opel	Beograd	1350	2003	Hečbek	Benzin	1199	223000	75	Manuelni
Peugeot	Svrljig	4699	2009	Hečbek	Dizel	1560	240000	109	Manuelni
Opel	Krajišnik	250000	1988	Limuzina	Benzin	1299	140000	75	Manuelni
Volkswagen	Baranda	4500	2007	Kupe	Dizel	1896	208665	105	Manuelni
Peugeot	Grljan	3700	2006	Kabriolet/Roadster	Dizel	1560	218000	109	Manuelni
Volkswagen	Niš	4499	2008	Hečbek	Dizel	1896	286900	105	Manuelni
Mazda	Smederevo	1650	2004	Limuzina	Dizel	1998	242500	121	Manuelni
Ford	Šabac	2450	2004	Monovolumen (MiniVan)	Benzin + Gas (TNG)	1596	285130	101	Manuelni
Opel	Batajnica	7500	2017	Karavan	Dizel	1598	159000	110	Manuelni
Ford	Beograd	3000	2008	Limuzina	Benzin	1388	193000	80	Manuelni
Renault	Vranje	1250	2002	Limuzina	Dizel	1461	275000	75	Manuelni
Peugeot	Smederevska Palanka	1400	2001	Hečbek	Dizel	1997	206184	90	Manuelni
Volkswagen	Kraljevo	3550	2006	Hečbek	Dizel	1896	218650	101	Manuelni
Opel	Beograd	2300	2006	Hečbek	Dizel	1248	220000	75	Manuelni
Opel	Morović	1200	2001	Monovolumen (MiniVan)	Dizel	1995	400000	101	Manuelni
Hyundai	Leskovac	2500	2007	Monovolumen (MiniVan)	Benzin	1599	148000	103	Manuelni
Peugeot	Bačko Dobro Polje	1550	2007	Kabriolet/Roadster	Benzin	1598	85000	120	Manuelni
Audi	Čačak	2100	2002	Karavan	Dizel	1896	380000	131	Manuelni
Opel	Leskovac	500000	1999	Hečbek	Benzin	973	215000	54	Manuelni
Dacia	Beograd	650000	2005	Limuzina	Benzin	1390	215000	75	Manuelni
Volkswagen	Čačak	9500	2015	Monovolumen (MiniVan)	Benzin + Metan (CNG)	1968	214000	109	Manuelni
Renault	Odžaci	850000	2002	Monovolumen (MiniVan)	Dizel	1461	222622	82	Manuelni
Ford	Čačak	5600	2007	Hečbek	Benzin	2522	220000	226	Manuelni
Volkswagen	Irig	11000	2010	Džip/SUV	Dizel	1968	176580	140	Automatski
Ford	Futog	3690	2009	Hečbek	Benzin + Gas (TNG)	1388	213000	97	Manuelni
Zastava	Kragujevac	950000	2008	Limuzina	Benzin + Gas (TNG)	1116	123448	54	Manuelni
Peugeot	Surčin	2000	2006	Karavan	Dizel	1560	256562	90	Manuelni
Peugeot	Novi Beograd	2990	2008	Hečbek	Benzin	1397	143000	95	Manuelni
Renault	Stari Grad	16299	2021	Džip/SUV	Benzin	999	69755	91	Manuelni
Audi	Šabac	4300	2005	Limuzina	Dizel	1968	240658	140	Manuelni
Mercedes Benz	Raška	1280	2002	Hečbek	Benzin	1397	230000	82	Manuelni
Seat	Beograd	1200	2001	Hečbek	Dizel	1896	350000	68	Manuelni
Mercedes Benz	Zrenjanin	15500	2015	Limuzina	Dizel	2143	285000	170	Automatski
BMW	Lazarevac	12500	2010	Limuzina	Benzin	2986	335800	204	Automatski
Volkswagen	Novi Pazar	3999	2007	Hečbek	Dizel	1900	200000	105	Manuelni
Fiat	Kruševac	1099	2000	Kupe	Benzin	1242	244699	60	Manuelni
Renault	Novi Sad	1450	2004	Hečbek	Dizel	1461	204121	82	Manuelni
Renault	Malo Crniće	3500	2009	Hečbek	Dizel	1461	256000	90	Manuelni
Volkswagen	Novi Sad	3000	2005	Hečbek	Dizel	1896	350000	105	Manuelni
Land	Novi Beograd	127990	2023	Džip/SUV	Dizel	2997	22000	351	Automatski
Mitsubishi	Surčin	3400	2006	Monovolumen (MiniVan)	Dizel	1968	214000	136	Manuelni
Audi	Šašinci	2690	2001	Karavan	Dizel	1896	260540	101	Manuelni
Renault	Užice	2100	2005	Hečbek	Dizel	1500	235000	75	Manuelni
Opel	Kraljevo	6650	2015	Hečbek	Benzin	1598	197000	116	Manuelni
Fiat	Požarevac	1000	2005	Monovolumen (MiniVan)	Dizel	1910	218000	120	Manuelni
Audi	Lapovo (Varošica)	3300	2005	Karavan	Dizel	1968	291350	140	Manuelni
Opel	Nova Pazova	2950	2007	Hečbek	Benzin	1598	244000	105	Manuelni
Renault	Novi Sad	4200	2010	Limuzina	Dizel	1461	267000	90	Manuelni
Alfa Romeo	Vršac	2900	2009	Hečbek	Dizel	1598	204000	120	Manuelni
BMW	Valjevo	1850	2001	Karavan	Dizel	1951	407000	136	Manuelni
Volkswagen	Beograd	3200	2002	Hečbek	Benzin	1595	215105	102	Automatski
BMW	Lazarevac	5990	2010	Hečbek	Dizel	1995	183500	116	Manuelni
Peugeot	Sombor	2904	2010	Hečbek	Benzin	1360	173700	75	Manuelni
Citroen	Subotica	10500	2018	Džip/SUV	Benzin	1199	43700	82	Manuelni
Hyundai	Beograd	3350	2005	Džip/SUV	Dizel	1991	200000	111	Manuelni
Ford	Beograd	6999	2013	Monovolumen (MiniVan)	Dizel	1560	184350	116	Manuelni
Nissan	Pančevo	1550	2003	Hečbek	Dizel	1461	223579	82	Manuelni
Volkswagen	Altina	4500	2010	Karavan	Benzin	1390	256000	160	Manuelni
Alfa Romeo	Sremčica	300000	2001	Limuzina	Benzin	1747	220800	140	Manuelni
Alfa Romeo	Zrenjanin	2600	2007	Karavan	Dizel	1910	268000	120	Manuelni
Opel	Sopot	10250	2014	Karavan	Dizel	2000	173251	120	Manuelni
Mercedes Benz	Beograd	9000	2012	Monovolumen (MiniVan)	Dizel	1796	265421	136	Automatski
Peugeot	Guča	1200	2001	Hečbek	Benzin	1587	291140	109	Manuelni
Ford	Zemun	2290	2005	Limuzina	Dizel	1560	226500	109	Manuelni
Audi	Beograd	34499	2019	Limuzina	Hibridni pogon	1968	85859	204	Automatski
Audi	Kamendol	15799	2014	Limuzina	Dizel	1968	229000	177	Automatski
Volkswagen	Begeč	2750	2003	Karavan	Dizel	1896	386663	101	Manuelni
Hyundai	Novi Sad	1700	2003	Hečbek	Benzin	1341	220000	82	Manuelni
Volkswagen	Stara Pazova	3900	2005	Monovolumen (MiniVan)	Dizel	1896	305987	131	Manuelni
Zastava	Palilula	500000	2002	Limuzina	Benzin + Gas (TNG)	1100	49000	54	Manuelni
Mercedes Benz	Beograd	2500	2005	Monovolumen (MiniVan)	Dizel	1991	245000	109	Manuelni
Volkswagen	Palilula	14900	2016	Karavan	Dizel	1968	179000	190	Automatski
Fiat	Beograd	1750	2005	Karavan	Dizel	1910	200000	120	Manuelni
Volkswagen	Beograd	4500	2007	Limuzina	Dizel	1896	216000	105	Manuelni
Land	Beograd	6500	2009	Džip/SUV	Dizel	2179	302000	160	Manuelni
Audi	Beograd	34499	2019	Limuzina	Hibridni pogon	1968	85859	204	Automatski
Peugeot	Jagodina	3290	2008	Hečbek	Dizel	1560	284000	90	Manuelni
Volkswagen	Požega	4550	2006	Limuzina	Dizel	1896	302529	105	Manuelni
Ford	Novi Beograd	2450	2007	Karavan	Dizel	1997	235314	131	Manuelni
Mercedes Benz	Osipaonica	570000	2002	Limuzina	Dizel	1678	325423	95	Manuelni
BMW	Petlovo Brdo	1600	2001	Limuzina	Benzin + Gas (TNG)	1895	265000	105	Manuelni
Volkswagen	Subotica	5200	2013	Karavan	Benzin	1197	250000	105	Manuelni
Volkswagen	Aleksinac	3400	2008	Karavan	Dizel	1968	254000	140	Manuelni
BMW	Zaječar	3100	2007	Hečbek	Dizel	1995	264000	122	Manuelni
Peugeot	Kragujevac	8000	2013	Džip/SUV	Dizel	1560	199000	114	Manuelni
Volkswagen	Donja Borina	1900	2002	Limuzina	Benzin	1390	204000	101	Manuelni
Mercedes Benz	Vračar	18000	2016	Monovolumen (MiniVan)	Benzin	1991	186000	184	Automatski
BMW	Vajska	5500	2009	Limuzina	Benzin	1995	230000	170	Manuelni
Ford	Beograd	6999	2013	Monovolumen (MiniVan)	Dizel	1560	184350	116	Manuelni
Mercedes Benz	Užice	2000	2006	Hečbek	Dizel	2000	260000	109	Manuelni
Dacia	Beograd	12900	2022	Džip/SUV	Benzin + Gas (TNG)	997	92000	91	Manuelni
Škoda	Zemun	12000	2017	Hečbek	Benzin	1395	90000	150	Manuelni
Volvo	Futog	9850	2015	Hečbek	Dizel	1969	189000	120	Manuelni
Citroen	Futog	1020	2001	Hečbek	Dizel	1997	256000	90	Manuelni
Renault	Kraljevo	3099	2007	Hečbek	Benzin	1149	178415	101	Manuelni
Renault	Beograd	2500	2007	Hečbek	Benzin + Gas (TNG)	1149	215000	75	Manuelni
Mercedes Benz	Apatin	3350	2005	Hečbek	Benzin	1498	104000	95	Manuelni
Citroen	Sirig	4250	2008	Monovolumen (MiniVan)	Dizel	1560	218000	90	Manuelni
BMW	Niš	10999	2012	Limuzina	Dizel	1995	320000	184	Manuelni
Citroen	Rakovica	3300	2009	Monovolumen (MiniVan)	Dizel	1560	179000	90	Manuelni
Opel	Sombor	2900	2007	Monovolumen (MiniVan)	Benzin	1364	187345	90	Manuelni
Mercedes Benz	Beograd	1200	1989	Limuzina	Benzin	2600	300000	160	Manuelni
Fiat	Prigrevica	2450	2003	Hečbek	Benzin	1200	186400	60	Manuelni
Opel	Temerin	1700	2002	Limuzina	Benzin	1389	183000	90	Manuelni
Suzuki	Ada	4350	2011	Hečbek	Benzin	1328	201554	92	Manuelni
Seat	Zrenjanin	850000	1900	Kupe	Benzin	1390	189322	60	Manuelni
Citroen	Novi Sad	1200	2003	Hečbek	Dizel	1527	207000	57	Manuelni
Suzuki	Čačak	2950	2006	Hečbek	Benzin	1490	155814	99	Manuelni
Renault	Sopot	1800	2005	Hečbek	Dizel	1461	245151	82	Manuelni
Audi	Žabalj	1200	2001	Hečbek	Dizel	1900	200000	110	Manuelni
BMW	Novi Pazar	37900	2019	Džip/SUV	Dizel	1995	142000	190	Automatski
Ford	Novi Sad	2950	2010	Hečbek	Dizel	1399	253308	68	Manuelni
Citroen	Beograd	6500	2014	Karavan	Dizel	1997	187500	140	Manuelni
Renault	Niš	700000	2003	Hečbek	Dizel	1870	225400	92	Manuelni
Zastava	Kruševac	450000	2007	Kupe	Benzin + Gas (TNG)	1116	164000	54	Manuelni
Volkswagen	Loznica	4790	2007	Hečbek	Dizel	1968	213000	140	Manuelni
Volkswagen	Novi Pazar	14000	2017	Limuzina	Dizel	1600	200555	116	Manuelni
Audi	Banovo Polje	6700	2008	Karavan	Dizel	1968	247000	120	Manuelni
Volkswagen	Borovac	3600	2007	Limuzina	Dizel	1968	259505	140	Automatski
Fiat	Voždovac	1450	2005	Karavan	Dizel	1910	263150	116	Manuelni
Mercedes Benz	Beograd	3499	2007	Hečbek	Dizel	1991	170000	109	Manuelni
Nissan	Niš	2100	2005	Hečbek	Benzin	1386	150000	88	Manuelni
Toyota	Beograd	14150	2019	Hečbek	Hibridni pogon	1497	90000	101	Automatski
Ford	Lazarevac	1300	2006	Monovolumen (MiniVan)	Dizel	1753	300000	114	Manuelni
Peugeot	Šabac	20650	2020	Džip/SUV	Dizel	1499	148000	131	Automatski
Opel	Novi Sad	3650	2009	Karavan	Dizel	1686	182387	125	Manuelni
Volkswagen	Obrenovac	3300	2005	Limuzina	Dizel	1900	255700	105	Manuelni
Volkswagen	Čačak	1650	2004	Karavan	Dizel	1896	245000	131	Automatski
Volkswagen	Surdulica	3100	2006	Monovolumen (MiniVan)	Dizel	1968	212000	140	Manuelni
Citroen	Beograd	4650	2013	Hečbek	Benzin	1199	118874	82	Manuelni
Škoda	Čukarica	8500	2012	Limuzina	Dizel	1968	197000	170	Manuelni
Toyota	Subotica	6600	2010	Hečbek	Benzin	1598	189000	132	Manuelni
Mercedes Benz	Altina	1000	2001	Hečbek	Benzin	1598	245666	102	Manuelni
Opel	Odžaci	1350	2002	Hečbek	Benzin	1598	253467	101	Manuelni
Peugeot	Mladenovac	3100	2007	Limuzina	Benzin	1360	175430	73	Manuelni
Opel	Čačak	7400	2013	Limuzina	Dizel	1956	201450	131	Manuelni
Renault	Kikinda	3599	2008	Hečbek	Dizel	1461	286000	109	Manuelni
Honda	Čukarica	1800	2003	Hečbek	Dizel	1686	200000	101	Manuelni
Audi	Novi Pazar	3000	2007	Karavan	Dizel	1968	200000	140	Manuelni
Volkswagen	Smederevo	8950	2013	Hečbek	Dizel	1600	231000	105	Manuelni
Fiat	Ugrinovci	300000	2002	Hečbek	Dizel	1910	300000	80	Manuelni
Jeep	Zemun	19990	2022	Džip/SUV	Benzin	999	14500	120	Manuelni
Audi	Ruma	24500	2017	Limuzina	Dizel	1968	246000	190	Automatski
Alfa Romeo	Beograd	3990	2007	Karavan	Dizel	1910	156000	150	Manuelni
Citroen	Valjevo	1050	2003	Monovolumen (MiniVan)	Benzin + Gas (TNG)	1749	272400	116	Manuelni
Fiat	Kraljevo	3000	2008	Hečbek	Dizel	1910	202000	150	Manuelni
Ford	Novi Pazar	2550	2005	Hečbek	Dizel	1600	238000	109	Manuelni
Citroen	Batajnica	780000	2001	Hečbek	Benzin + Gas (TNG)	1390	300000	75	Manuelni
Renault	Pančevo	1300	2002	Hečbek	Benzin	1149	206000	75	Manuelni
Fiat	Zemun Polje	5600	2013	Limuzina	Benzin	1400	109532	95	Manuelni
Peugeot	Beograd	12899	2020	Hečbek	Dizel	1499	156957	131	Automatski
Opel	Ralja	5950	2015	Hečbek	Dizel	1248	187000	95	Manuelni
Hyundai	Beograd	1700	2004	Džip/SUV	Dizel	1991	255000	113	Manuelni
Seat	Niš	2200	2004	Hečbek	Benzin	1390	201445	75	Manuelni
Ford	Novi Sad	330000	2003	Hečbek	Benzin	1299	230000	69	Manuelni
Mercedes Benz	Sremčica	3550	2002	Limuzina	Dizel	2148	345000	150	Automatski
BMW	Surčin	11999	2012	Limuzina	Dizel	1984	225000	184	Automatski